score,is_answered,owner_rep,owner_accept_rate,title_len,body_length,num_codeblocks,len_codeblocks,code/text,num_tags
1,False,109,0,51,3331,0,0,0.0,5
1,True,21,0,83,431,0,0,0.0,2
1,False,11,0,43,1229,1,8,0.0065093572009764,1
1,True,161,0,54,1910,0,0,0.0,3
14,True,2393,75,61,258,0,0,0.0,3
6,True,343,0,133,2243,4,97,0.0432456531431119,5
2,True,21,0,59,4167,9,361,0.0866330693544516,3
6,True,2372,62,61,568,1,30,0.0528169014084507,2
1,True,615,0,56,2394,3,98,0.0409356725146198,4
4,True,205,0,79,593,0,0,0.0,2
1,True,15,0,70,1002,4,28,0.0279441117764471,2
-1,False,187,0,77,213,0,0,0.0,1
5,True,59,0,51,2516,0,0,0.0,3
1,False,2967,76,40,563,8,114,0.2024866785079929,4
1,True,35,0,56,546,0,0,0.0,3
3,True,81,0,98,3170,1,103,0.0324921135646687,5
3,True,3535,75,62,371,0,0,0.0,1
6,True,143,0,19,705,0,0,0.0,5
2,True,21,0,28,764,0,0,0.0,3
2,True,4462,0,63,2066,9,137,0.0663117134559535,4
4,True,15449,27,65,1035,2,32,0.0309178743961352,4
-1,False,119,0,81,445,0,0,0.0,2
1,True,13,0,51,629,4,47,0.0747217806041335,2
1,False,31,0,43,1424,0,0,0.0,3
1,True,313,0,39,3377,4,115,0.0340538939887474,2
1,True,673,0,55,774,0,0,0.0,3
-1,True,21,0,51,447,0,0,0.0,4
1,True,86,67,57,485,0,0,0.0,4
1,True,21,0,16,277,0,0,0.0,2
4,True,931,0,48,2055,0,0,0.0,4
1,True,3020,0,58,1260,1,20,0.0158730158730158,4
2,True,0,0,109,197,0,0,0.0,3
2,True,33,0,62,308,2,37,0.1201298701298701,3
1,False,21,0,54,1532,0,0,0.0,4
2,True,2000,28,81,5053,0,0,0.0,4
1,True,43,0,43,720,0,0,0.0,1
1,False,4284,0,59,4734,7,223,0.0471060414026193,5
3,True,333,0,77,805,3,20,0.0248447204968944,4
7,True,0,0,62,962,3,40,0.0415800415800415,3
1,True,65,0,57,165,1,14,0.0848484848484848,2
1,True,389,0,65,322,0,0,0.0,2
1,False,1533,100,64,1132,1,36,0.0318021201413427,3
1,True,3753,96,47,776,5,29,0.0373711340206185,1
3,False,321,0,68,275,0,0,0.0,5
1,True,15,0,69,1308,13,120,0.091743119266055,5
70,True,1484,0,48,153,1,11,0.0718954248366013,4
3,False,55,86,55,3751,7,536,0.1428952279392162,2
1,False,860,57,96,1196,5,102,0.0852842809364548,1
-1,False,107,0,39,625,2,70,0.112,1
5,False,3989,0,109,217,0,0,0.0,2
3,True,1374,41,49,3989,0,0,0.0,2
1,True,27,0,83,3506,0,0,0.0,4
1,False,0,0,38,690,0,0,0.0,5
1,True,811,18,62,1695,13,400,0.2359882005899705,2
1,True,21,0,91,1230,5,206,0.1674796747967479,4
4,True,65,0,54,684,0,0,0.0,3
1,True,713,36,43,1231,5,54,0.0438667749796913,3
2,True,207,0,122,507,1,8,0.0157790927021696,4
1,True,410,17,80,292,0,0,0.0,5
3,True,51,0,76,1968,2,223,0.1133130081300813,5
1,True,23,0,48,968,1,93,0.0960743801652892,3
1,True,495,40,53,467,0,0,0.0,4
3,False,6434,73,83,774,0,0,0.0,5
1,True,1224,0,81,1275,5,91,0.0713725490196078,3
1,True,138,0,33,206,2,27,0.1310679611650485,3
20,True,485,0,72,723,0,0,0.0,2
3,True,2181,0,55,1500,6,54,0.036,3
1,False,99,0,33,2696,0,0,0.0,5
-1,True,13,0,42,416,0,0,0.0,1
-1,False,7,0,73,2172,0,0,0.0,2
1,False,31,0,73,1596,0,0,0.0,5
1,True,7978,81,81,1434,2,193,0.1345885634588563,4
1,True,166,0,49,324,0,0,0.0,1
3,True,43,0,46,111,0,0,0.0,3
9,True,1915,71,30,1222,7,199,0.1628477905073649,4
1,True,1071,42,96,727,2,18,0.0247592847317744,5
2,False,341,0,79,7900,0,0,0.0,5
5,True,166,0,73,422,0,0,0.0,3
2,True,5862,0,60,455,0,0,0.0,3
6,True,3101,100,67,342,1,70,0.2046783625730994,3
1,True,87,0,81,1004,1,21,0.0209163346613545,3
-3,True,19,0,77,415,0,0,0.0,2
2,True,67,0,39,993,0,0,0.0,2
1,True,11,0,25,769,20,130,0.1690507152145643,2
2,True,866,0,48,739,2,188,0.2543978349120433,5
-1,True,949,0,53,70,0,0,0.0,3
5,True,61,0,39,268,0,0,0.0,2
2,True,4824,40,56,972,5,59,0.0606995884773662,5
-1,False,11,0,92,404,0,0,0.0,4
1,True,11,0,60,265,0,0,0.0,4
11,True,172,0,124,157,4,24,0.1528662420382165,4
1,False,11,0,75,3397,2,304,0.0894907271121577,5
6,True,498,72,58,8705,33,547,0.0628374497415278,4
-1,False,33,0,46,565,3,83,0.1469026548672566,2
1,False,11,0,40,4348,0,0,0.0,3
1,True,23,0,99,1295,0,0,0.0,2
4,True,125947,61,47,3063,2,16,0.0052236369572314,3
11,True,244,0,35,640,2,21,0.0328125,2
5,True,113,67,46,498,1,395,0.7931726907630522,3
1,True,447,0,78,1197,0,0,0.0,4
1,False,11,0,50,2647,0,0,0.0,2
1,False,373,0,67,352,0,0,0.0,3
9,True,2804,92,35,3238,7,656,0.2025941939468808,4
1,True,419,67,61,478,0,0,0.0,2
2,False,21,0,52,755,1,12,0.0158940397350993,4
1,False,537,100,74,320,0,0,0.0,2
3,True,81,0,33,585,1,111,0.1897435897435897,5
4,True,1576,83,80,1282,6,32,0.0249609984399376,3
1,True,11,0,47,388,0,0,0.0,1
6,True,61,0,53,264,0,0,0.0,2
2,True,21,0,131,188,1,6,0.0319148936170212,3
1,True,35,0,76,543,0,0,0.0,4
3,True,1635,0,67,784,4,194,0.2474489795918367,4
2,True,41,0,40,276,4,105,0.3804347826086957,5
-1,False,157,50,43,2389,0,0,0.0,2
2,False,25327,86,114,1108,3,107,0.0965703971119133,3
2,True,33,0,53,3923,1,95,0.024216161101198,5
1,True,514,0,71,1910,4,49,0.0256544502617801,3
4,False,44443,78,67,2904,1,10,0.0034435261707988,3
1,True,39,0,65,669,1,79,0.1180866965620328,4
1,True,0,0,58,3155,0,0,0.0,5
-1,True,464,93,52,112,0,0,0.0,1
-4,True,11,0,42,509,1,3,0.005893909626719,3
1,True,21,0,27,105,0,0,0.0,2
2,True,107,0,38,1375,7,28,0.0203636363636363,2
3,True,18788,71,61,481,3,103,0.2141372141372141,3
2,True,353,0,67,534,2,148,0.2771535580524344,3
2,False,61,0,41,205,0,0,0.0,3
4,True,11180,60,43,1043,1,93,0.0891658676893576,4
2,True,179,0,28,701,1,135,0.1925820256776034,3
2,False,21,0,59,253,0,0,0.0,3
2,True,671,56,71,2595,0,0,0.0,2
2,False,45,0,66,839,1,45,0.0536352800953516,4
3,False,1799,0,40,1435,21,162,0.1128919860627177,5
2,False,296,0,36,1640,0,0,0.0,3
9,True,169,0,104,242,0,0,0.0,5
1,True,29,0,62,163,0,0,0.0,4
5,True,321,0,38,394,0,0,0.0,4
1,True,2665,68,46,2197,3,33,0.0150204824761037,3
1,True,1125,78,27,416,0,0,0.0,3
1,True,0,0,48,214,3,14,0.0654205607476635,2
1,True,94,0,72,711,1,10,0.0140646976090014,4
1,True,51,0,34,4089,0,0,0.0,5
2,False,521,0,69,1218,0,0,0.0,5
3,False,91,0,54,3348,3,235,0.0701911589008363,5
3,False,36104,90,45,1408,0,0,0.0,3
3,True,33,0,73,346,0,0,0.0,3
19,True,2242,82,56,239,0,0,0.0,3
3,False,78,0,77,243,0,0,0.0,3
19,True,193,0,46,179,0,0,0.0,3
1,False,1033,42,69,3244,2,69,0.0212700369913686,3
2,False,65,0,66,160,1,24,0.15,3
4,True,2072,85,43,1392,0,0,0.0,3
-2,True,33,0,68,254,0,0,0.0,3
1,False,27,0,65,969,2,55,0.0567595459236326,4
4,True,61,0,83,583,0,0,0.0,3
1,True,128,0,50,455,5,197,0.432967032967033,2
10,True,213,0,121,724,4,96,0.1325966850828729,3
1,True,175,80,33,375,0,0,0.0,2
1,False,13814,75,55,1315,3,58,0.0441064638783269,2
1,True,21,0,44,1101,4,65,0.0590372388737511,5
2,True,15586,87,34,281,2,21,0.0747330960854092,1
1,True,21,0,44,1114,2,256,0.229802513464991,4
1,False,1688,71,46,1225,3,123,0.1004081632653061,4
2,True,31,0,58,1559,1,34,0.0218088518280949,3
2,False,1488,0,41,713,0,0,0.0,2
3,True,527,0,67,899,0,0,0.0,1
1,True,1625,0,78,142,0,0,0.0,2
6,False,1636,100,78,2428,0,0,0.0,5
1,True,27,0,30,1135,1,165,0.145374449339207,1
4,True,319,0,28,1517,2,194,0.1278839815425181,3
2,True,1121,50,43,317,0,0,0.0,4
1,False,1598,33,117,6647,0,0,0.0,4
1,True,1016,0,58,1607,1,4,0.0024891101431238,3
1,True,21,0,24,1667,0,0,0.0,4
2,True,31695,84,42,403,0,0,0.0,1
-1,False,509,0,81,1374,0,0,0.0,2
3,True,43,0,59,983,2,36,0.0366225839267548,3
4,True,582,33,70,727,0,0,0.0,4
1,True,5097,76,61,412,4,100,0.2427184466019417,5
1,True,339,0,35,669,2,31,0.046337817638266,3
1,True,13,0,76,3806,0,0,0.0,3
2,False,2237,64,41,1748,5,100,0.05720823798627,5
1,False,11,0,111,532,0,0,0.0,1
-1,True,644,0,47,571,0,0,0.0,4
2,False,73,0,64,515,3,55,0.1067961165048543,3
-1,True,142,0,71,314,2,11,0.0350318471337579,5
4,True,1007,0,80,317,2,9,0.028391167192429,2
3,False,41,0,25,861,2,12,0.0139372822299651,2
1,True,183,0,54,926,0,0,0.0,4
1,True,281,5,100,939,0,0,0.0,4
5,True,53,0,80,912,0,0,0.0,3
2,True,770,67,36,1541,0,0,0.0,2
3,True,8173,54,52,522,0,0,0.0,2
11,True,1216,70,57,351,0,0,0.0,4
2,True,1131,0,48,794,3,46,0.0579345088161209,3
2,True,107,0,38,252,1,7,0.0277777777777777,4
1,True,30640,79,78,8808,0,0,0.0,3
2,True,1638,87,47,499,4,25,0.0501002004008016,2
4,True,359,60,56,769,1,16,0.0208062418725617,2
1,True,9043,82,56,909,0,0,0.0,3
1,True,13093,75,41,751,6,46,0.0612516644474034,3
27,True,1529,0,38,657,0,0,0.0,5
-1,False,5,0,38,1156,0,0,0.0,5
5,False,27133,70,45,1777,6,58,0.0326392796848621,2
1,False,65,0,46,1157,0,0,0.0,5
2,True,86,0,119,2669,3,361,0.1352566504308729,2
1,True,1241,92,49,245,0,0,0.0,3
1,True,45,0,117,540,0,0,0.0,3
1,False,10352,75,74,493,0,0,0.0,2
2,True,31,0,105,2709,0,0,0.0,4
1,True,13,0,59,4094,0,0,0.0,5
3,True,31,0,110,6244,1,58,0.0092889173606662,3
-1,True,2161,0,38,184,2,9,0.0489130434782608,1
1,False,32,0,51,786,5,81,0.1030534351145038,4
1,True,414,0,39,5843,0,0,0.0,4
1,False,239,0,62,2539,0,0,0.0,2
5,True,383,0,50,450,0,0,0.0,2
3,True,305,0,77,1668,6,85,0.0509592326139088,5
1,True,743,0,41,1234,0,0,0.0,1
1,True,13,0,59,3595,0,0,0.0,4
1,False,383,71,52,3124,0,0,0.0,3
1,True,851,31,50,630,0,0,0.0,3
2,True,3140,0,68,1256,6,272,0.2165605095541401,4
-1,False,31,0,59,286,0,0,0.0,3
2,False,230,100,57,3194,1,155,0.0485284909204758,4
2,False,7144,90,77,546,1,1,0.0018315018315018,4
6,True,794,75,60,2245,0,0,0.0,2
4,True,542,0,82,3875,4,80,0.0206451612903225,4
3,True,55,0,49,150,0,0,0.0,1
6,True,174,0,34,1351,0,0,0.0,3
1,True,363,0,61,1074,3,32,0.0297951582867784,4
5,True,194186,77,75,480,2,24,0.05,2
1,True,182,56,52,563,0,0,0.0,5
1,True,351,0,111,820,2,96,0.1170731707317073,4
5,True,495,0,46,1458,1,4,0.0027434842249657,1
3,True,8514,98,97,1247,2,38,0.0304731355252606,3
19,True,0,0,45,383,5,140,0.3655352480417754,3
3,False,7464,56,40,1035,9,79,0.0763285024154589,2
3,False,225,0,66,375,0,0,0.0,3
7,True,2819,17,58,901,11,97,0.1076581576026637,4
1,True,14078,99,117,2265,11,191,0.084326710816777,5
1,True,117,0,27,1196,0,0,0.0,3
-2,True,48,0,48,185,1,19,0.1027027027027027,3
1,False,540,85,40,1848,0,0,0.0,2
1,True,31,0,50,1271,24,296,0.2328874901652242,5
1,False,11,0,31,827,0,0,0.0,1
2,True,845,77,69,1789,8,54,0.0301844605925097,3
-1,True,45,0,70,585,2,513,0.8769230769230769,3
1,True,11,0,149,1610,5,65,0.0403726708074534,5
1,True,45,0,90,163,0,0,0.0,3
4,True,4810,74,50,6864,3,38,0.0055361305361305,4
1,True,680,0,70,234,1,2,0.0085470085470085,2
1,True,33,0,82,3184,6,110,0.0345477386934673,5
-1,False,1,0,57,3152,14,1575,0.4996827411167512,5
3,True,3676,67,49,1018,7,207,0.2033398821218074,4
3,False,73,0,75,5925,15,169,0.0285232067510548,4
1,True,3359,81,49,1011,0,0,0.0,1
5,True,524,83,51,306,1,6,0.0196078431372549,3
3,False,31,0,68,668,0,0,0.0,3
8,True,2549,0,140,157,0,0,0.0,3
2,True,65,0,39,186,0,0,0.0,2
21,True,2299,0,80,157,2,85,0.5414012738853503,3
1,False,5406,49,65,271,0,0,0.0,2
2,True,369,0,80,4820,0,0,0.0,5
4,True,271,0,48,387,0,0,0.0,5
4,False,1192,0,65,6381,2,23,0.0036044507130543,4
1,False,321,0,106,1275,1,5,0.0039215686274509,5
1,False,12480,86,109,1587,8,99,0.0623818525519848,2
6,True,1243,67,74,789,0,0,0.0,4
2,True,59,0,64,423,0,0,0.0,1
1,True,1058,0,61,2477,4,101,0.0407751312071053,3
1,False,11,0,88,1248,0,0,0.0,2
1,False,87,0,54,1426,2,46,0.032258064516129,5
6,True,0,0,50,757,2,34,0.0449141347424042,3
2,False,21,0,56,462,0,0,0.0,5
3,True,5935,63,70,500,0,0,0.0,2
1,False,11,0,60,297,2,48,0.1616161616161616,3
1,False,21,0,102,2509,3,33,0.0131526504583499,5
7,True,73,0,94,1138,0,0,0.0,5
3,True,38057,89,127,782,6,179,0.2289002557544757,5
2,False,111,0,46,3854,0,0,0.0,3
27,True,573,0,69,201,0,0,0.0,5
2,False,1115,67,83,711,4,141,0.1983122362869198,3
2,False,121,0,92,1325,1,78,0.0588679245283018,2
1,False,53,0,103,468,1,254,0.5427350427350427,2
1,True,39,0,63,1108,0,0,0.0,3
1,True,59246,64,97,2895,13,147,0.0507772020725388,2
1,True,437,0,50,1083,1,10,0.0092336103416435,3
1,True,417,88,37,1529,1,249,0.1628515369522563,3
1,True,6044,60,83,623,4,26,0.0417335473515248,3
2,True,1663,0,56,235,0,0,0.0,2
4,True,935,85,79,933,0,0,0.0,2
1,True,15,0,27,320,0,0,0.0,2
2,True,31,0,51,944,0,0,0.0,4
1,True,55,0,60,312,0,0,0.0,4
2,True,73,0,63,2142,0,0,0.0,4
2,True,684,0,108,6417,0,0,0.0,3
-1,True,45,0,71,142,0,0,0.0,3
4,True,5325,59,58,957,7,67,0.0700104493207941,3
3,True,31863,81,95,3711,1,44,0.0118566424144435,4
1,False,11,0,30,1680,3,176,0.1047619047619047,2
2,True,35,0,49,1345,0,0,0.0,4
1,True,895,45,87,1264,3,461,0.3647151898734177,4
-1,True,85,33,55,919,0,0,0.0,3
1,True,69,31,68,334,0,0,0.0,2
1,True,313,0,39,1417,10,72,0.0508115737473535,4
1,True,1432,0,48,263,0,0,0.0,5
2,True,71,0,51,356,0,0,0.0,4
2,False,2977,57,116,2683,2,398,0.1483414088706671,4
2,True,393,0,57,1716,0,0,0.0,3
2,True,23,0,90,1110,0,0,0.0,3
14,True,1053,0,58,254,0,0,0.0,3
1,True,1033,100,84,1189,1,37,0.0311185870479394,3
1,True,498,0,79,1186,4,269,0.2268128161888701,2
3,True,1521,78,89,154,0,0,0.0,4
17,True,829,0,106,790,1,29,0.0367088607594936,3
6,False,2548,50,79,946,0,0,0.0,5
4,True,104,0,35,244,0,0,0.0,2
8,True,765,0,54,1992,0,0,0.0,5
1,True,275,25,44,2388,0,0,0.0,3
2,True,172,0,59,2745,6,65,0.02367941712204,5
1,True,929,56,51,1650,8,55,0.0333333333333333,3
6,True,8070,61,38,443,2,57,0.128668171557562,1
1,True,1337,0,64,1090,0,0,0.0,5
1,False,973,83,42,1370,3,77,0.0562043795620437,2
1,True,21,0,55,1026,0,0,0.0,3
2,False,2883,76,44,1214,7,183,0.1507413509060955,2
2,True,119,0,51,1148,0,0,0.0,2
1,True,6227,33,42,99,0,0,0.0,1
1,True,43,0,63,1383,0,0,0.0,5
3,True,400,0,31,163,0,0,0.0,1
6,True,3009,96,52,1485,3,27,0.0181818181818181,5
2,False,21,0,73,213,0,0,0.0,5
4,True,41,0,63,2075,0,0,0.0,4
-2,True,11,0,48,570,0,0,0.0,2
2,True,83,0,34,521,0,0,0.0,2
1,True,45,0,51,1334,1,30,0.0224887556221889,2
2,False,61,0,93,598,0,0,0.0,3
1,True,0,0,66,265,5,71,0.2679245283018868,5
4,True,43,0,71,946,2,14,0.014799154334038,2
-2,True,1747,40,54,361,0,0,0.0,3
2,True,797,0,102,9208,0,0,0.0,5
1,True,55,0,51,1119,6,158,0.1411974977658623,3
1,True,149,0,39,438,0,0,0.0,2
7,True,3061,0,83,805,0,0,0.0,4
2,True,703,0,47,335,0,0,0.0,5
2,True,57,0,58,740,1,7,0.0094594594594594,3
3,True,17772,0,59,684,12,240,0.3508771929824561,3
-1,True,1529,62,69,166,0,0,0.0,4
1,True,756,0,70,1901,5,99,0.0520778537611783,5
7,True,127,0,107,1042,0,0,0.0,3
6,True,61,0,54,504,1,56,0.1111111111111111,2
53,True,633,0,35,446,0,0,0.0,3
1,True,21,0,69,1202,9,104,0.086522462562396,4
4,True,115,0,25,597,0,0,0.0,3
2,False,53,0,93,781,0,0,0.0,3
5,True,2198,75,75,598,3,68,0.1137123745819397,3
20,True,571,0,88,1540,0,0,0.0,2
1,True,153,0,49,170,3,25,0.1470588235294117,1
9,True,42061,91,100,550,1,13,0.0236363636363636,5
6,False,4590,0,31,414,2,83,0.2004830917874396,2
3,True,83246,57,48,394,4,48,0.1218274111675127,3
4,True,183,75,93,458,0,0,0.0,5
3,True,0,0,72,214,0,0,0.0,4
3,False,289,57,66,579,0,0,0.0,2
1,True,802,20,53,933,0,0,0.0,5
2,True,21,0,70,384,0,0,0.0,3
1,True,603,0,68,490,1,68,0.1387755102040816,3
1,False,11,0,61,7238,1,96,0.0132633324122685,5
1,False,39,0,41,4248,2,13,0.0030602636534839,3
2,True,36477,90,32,1426,0,0,0.0,2
2,True,33,0,38,1697,1,45,0.0265173836181496,4
2,False,61,0,46,116,0,0,0.0,3
1,True,13,0,53,1428,0,0,0.0,3
11,True,5854,0,58,303,0,0,0.0,3
2,True,103,0,50,10560,1,17,0.0016098484848484,4
1,True,11,0,24,715,1,63,0.0881118881118881,2
11,True,1670,72,75,1399,3,94,0.0671908506075768,5
2,True,4169,67,59,282,2,29,0.1028368794326241,4
1,False,410,75,57,832,0,0,0.0,5
-2,True,65,0,40,330,0,0,0.0,3
2,True,43,0,157,617,3,71,0.1150729335494327,3
1,True,47,0,24,1372,0,0,0.0,3
3,True,0,0,68,493,7,109,0.2210953346855984,3
1,True,2099,0,61,649,0,0,0.0,2
1,True,61,0,31,1490,0,0,0.0,3
1,True,6749,85,106,988,6,81,0.0819838056680161,3
-1,False,1,0,97,647,0,0,0.0,2
1,True,79,100,37,729,1,32,0.0438957475994513,3
2,False,75,0,40,3636,10,375,0.1031353135313531,5
6,True,17337,62,34,1834,2,28,0.015267175572519,5
1,True,11,0,32,270,2,10,0.037037037037037,4
1,False,23,0,60,419,1,171,0.4081145584725537,4
1,False,363,0,58,253,1,62,0.2450592885375494,5
12,True,497,0,57,634,0,0,0.0,4
1,False,11,0,124,256,0,0,0.0,5
1,True,286,0,102,2402,0,0,0.0,1
2,False,21,0,114,1638,0,0,0.0,2
1,True,4661,94,47,782,1,51,0.0652173913043478,2
1,False,119,0,50,2106,0,0,0.0,1
1,True,767,0,65,1199,8,97,0.0809007506255212,2
-1,True,19,0,74,988,1,38,0.0384615384615384,5
2,True,409,44,64,400,0,0,0.0,1
-1,False,71,0,48,709,0,0,0.0,2
3,True,2298,52,59,794,2,42,0.052896725440806,2
-1,False,11,0,82,2429,0,0,0.0,3
4,True,41,0,50,2980,1,8,0.0026845637583892,5
1,False,11,0,28,367,5,101,0.2752043596730245,1
1,True,21,0,56,401,1,23,0.0573566084788029,2
1,True,25,0,45,225,0,0,0.0,4
1,True,21,0,61,1722,5,56,0.032520325203252,5
2,False,21,0,51,564,1,28,0.0496453900709219,5
1,True,0,0,50,1076,6,25,0.0232342007434944,3
10,False,3502,0,52,510,0,0,0.0,2
2,True,2059,40,40,1514,0,0,0.0,2
4,True,949,0,81,351,0,0,0.0,3
7,True,12019,0,56,422,0,0,0.0,2
1,True,21,0,102,496,1,6,0.0120967741935483,3
1,True,102,0,91,531,2,86,0.1619585687382297,3
1,True,15,0,76,739,0,0,0.0,1
5,True,869,67,120,366,2,31,0.0846994535519125,3
4,False,41,0,37,515,0,0,0.0,1
3,True,77,0,85,1825,0,0,0.0,3
7,True,193,0,56,574,0,0,0.0,4
1,False,9270,79,123,501,4,122,0.2435129740518962,3
1,True,422,0,52,1818,0,0,0.0,3
4,True,3366,55,60,409,0,0,0.0,3
2,False,3119,48,87,522,2,96,0.1839080459770115,2
1,True,9,0,39,130,0,0,0.0,1
2,True,23,0,53,2148,0,0,0.0,4
1,True,15061,0,47,493,11,50,0.101419878296146,3
2,True,103,0,34,812,0,0,0.0,5
1,True,69,0,55,1925,0,0,0.0,2
8,False,131,0,49,720,2,19,0.0263888888888888,2
4,True,6983,86,50,156,0,0,0.0,1
3,True,3315,67,52,346,0,0,0.0,2
1,True,445,0,39,576,0,0,0.0,4
2,True,23,0,76,1920,1,98,0.0510416666666666,4
5,True,343,0,28,315,0,0,0.0,5
1,True,43,0,76,958,0,0,0.0,3
2,True,484,0,59,3984,2,18,0.0045180722891566,5
11,True,1651,88,55,1323,4,98,0.074074074074074,5
2,True,21,0,127,1493,1,37,0.0247823174815807,1
4,False,219,0,41,944,9,74,0.0783898305084745,5
8,True,177,0,40,616,0,0,0.0,2
1,True,11,0,62,102,0,0,0.0,4
2,False,1291,0,58,465,0,0,0.0,5
1,True,137,0,35,901,1,95,0.1054384017758046,4
1,False,3107,61,56,424,2,48,0.1132075471698113,3
4,True,77,0,38,855,0,0,0.0,3
1,False,3265,37,54,281,0,0,0.0,3
2,True,2321,0,45,395,2,26,0.0658227848101265,3
15,True,761,0,82,224,1,18,0.0803571428571428,1
1,True,187,0,29,554,2,139,0.2509025270758123,1
2,True,185,0,45,782,0,0,0.0,2
1,False,11,0,44,519,0,0,0.0,4
1,False,587,75,62,537,1,39,0.0726256983240223,4
1,False,51,0,72,413,0,0,0.0,3
13,True,381,0,64,1826,1,24,0.013143483023001,4
1,True,3192,56,62,653,1,3,0.004594180704441,4
-2,True,17,0,85,160,0,0,0.0,4
4,True,22646,85,94,587,1,24,0.0408858603066439,2
12,True,1104,0,78,815,0,0,0.0,2
-2,True,3,0,69,116,0,0,0.0,3
1,True,0,0,50,200,0,0,0.0,1
1,True,23,0,55,685,0,0,0.0,2
1,False,541,82,53,345,1,56,0.1623188405797101,1
2,True,41,0,32,833,2,60,0.0720288115246098,5
6,True,1136,91,41,385,1,5,0.0129870129870129,2
2,False,21,0,95,1000,0,0,0.0,2
3,True,159,0,47,513,3,45,0.087719298245614,5
1,True,18703,82,43,1880,0,0,0.0,3
1,False,65,0,138,2396,1,30,0.0125208681135225,4
1,True,55,0,68,1079,0,0,0.0,3
1,False,11,0,95,1001,0,0,0.0,2
4,True,3520,0,80,2137,6,55,0.0257370145063172,5
2,True,1142,67,89,8102,5,84,0.0103678104171809,5
6,False,313,0,55,6250,23,628,0.10048,4
1,True,21,0,57,1075,0,0,0.0,1
2,True,0,0,24,303,0,0,0.0,4
1,True,14506,73,150,1154,2,37,0.0320623916811091,2
-1,True,9988,92,94,423,3,61,0.1442080378250591,4
1,False,952,74,59,159,0,0,0.0,3
1,True,2339,0,100,243,0,0,0.0,2
1,True,85,0,102,194,0,0,0.0,2
3,True,71,0,78,780,2,10,0.0128205128205128,4
1,False,65,0,78,866,4,98,0.1131639722863741,2
2,True,157,0,54,3062,0,0,0.0,3
1,False,0,0,66,1441,0,0,0.0,2
2,True,101,0,90,300,2,70,0.2333333333333333,2
2,True,18977,70,71,166,3,113,0.6807228915662651,2
5,True,368,0,47,1040,0,0,0.0,4
3,True,1528,0,64,977,1,18,0.0184237461617195,5
-1,True,1,0,30,170,0,0,0.0,5
1,True,23,0,42,1120,0,0,0.0,3
2,True,21,0,48,408,0,0,0.0,2
2,True,1714,52,44,1007,0,0,0.0,2
2,True,41137,88,41,721,3,19,0.0263522884882108,3
1,True,25,0,72,1570,0,0,0.0,3
2,True,21,0,120,2282,0,0,0.0,4
4,True,14220,65,46,302,2,38,0.1258278145695364,2
4,False,41,0,54,666,0,0,0.0,5
7,True,2432,0,92,518,0,0,0.0,2
3,True,325,82,70,3267,0,0,0.0,5
1,False,7167,60,80,3489,2,123,0.0352536543422184,5
2,True,1754,60,32,845,1,33,0.0390532544378698,5
2,True,2864,0,47,799,4,131,0.1639549436795995,2
2,True,0,0,82,883,7,79,0.0894677236693091,4
2,False,21,0,95,738,0,0,0.0,1
1,True,327,64,61,842,0,0,0.0,2
4,True,187,0,66,560,0,0,0.0,4
1,True,81,0,55,9596,1,114,0.0118799499791579,4
-1,False,11,0,97,777,0,0,0.0,5
2,True,819,0,48,673,0,0,0.0,5
1,False,811,0,59,322,2,21,0.0652173913043478,1
2,False,10447,86,73,300,0,0,0.0,2
2,True,23,0,43,907,1,73,0.0804851157662624,3
1,True,1600,0,24,1791,7,77,0.0429927414852037,5
2,False,48,0,71,933,0,0,0.0,2
3,True,63,0,63,137,0,0,0.0,5
3,False,95,0,85,1020,0,0,0.0,3
-2,True,21,0,57,212,0,0,0.0,4
1,False,11,0,59,4994,2,25,0.0050060072086503,5
8,True,321,0,50,188,3,37,0.1968085106382978,4
1,False,726,57,18,631,1,114,0.1806656101426307,3
1,True,358,62,53,771,1,40,0.0518806744487678,3
2,True,31,0,31,485,0,0,0.0,5
3,True,81,0,82,684,1,67,0.097953216374269,3
11,True,1065,0,46,509,5,100,0.1964636542239685,4
-2,True,1769,0,52,1761,2,39,0.0221465076660988,4
1,True,11,0,38,3430,2,123,0.0358600583090379,2
3,False,592,0,52,1165,15,353,0.3030042918454935,5
4,True,41,0,85,789,0,0,0.0,3
3,True,199,0,99,2452,1,18,0.0073409461663947,4
1,True,8223,94,56,974,4,51,0.0523613963039014,1
4,True,319,0,93,1282,0,0,0.0,4
-2,True,33,0,84,327,0,0,0.0,2
1,True,542,0,59,797,0,0,0.0,3
2,True,163,0,59,2532,0,0,0.0,5
1,True,1779,25,49,119,0,0,0.0,1
5,False,193,20,61,539,0,0,0.0,3
7,True,3235,0,49,1142,7,65,0.0569176882661996,4
3,True,445,0,41,197,0,0,0.0,3
1,True,832,0,56,2215,0,0,0.0,2
1,True,408,0,78,1142,0,0,0.0,3
5,True,81,0,84,1727,0,0,0.0,5
2,False,43,0,48,2409,0,0,0.0,4
2,True,356,0,131,473,6,96,0.2029598308668076,1
2,True,2097,100,54,1431,0,0,0.0,3
2,False,35100,61,137,7092,1,49,0.0069091934574168,2
-1,False,41,0,55,3658,1,13,0.0035538545653362,2
1,True,23,0,41,1119,3,260,0.2323503127792672,4
-1,True,23,0,128,2182,2,125,0.0572868927589367,3
1,True,15,0,71,2414,0,0,0.0,5
-1,True,156,60,79,1056,0,0,0.0,3
1,True,21,0,35,729,0,0,0.0,3
-2,True,1,0,50,463,0,0,0.0,2
3,True,111,0,51,159,1,90,0.5660377358490566,3
5,True,663,0,85,939,3,83,0.08839190628328,2
1,True,13,0,69,1828,1,45,0.024617067833698,4
2,True,485,0,28,307,0,0,0.0,4
5,True,295,0,55,1332,17,122,0.0915915915915916,1
9,True,267,0,109,437,7,85,0.1945080091533181,4
3,False,31,0,32,417,0,0,0.0,3
5,True,1086,0,77,1740,4,68,0.0390804597701149,5
2,True,19,0,45,412,0,0,0.0,5
1,True,159,0,112,386,0,0,0.0,1
3,False,135,0,55,445,2,163,0.3662921348314606,4
2,True,331,0,60,220,0,0,0.0,3
4,True,41,0,86,5077,0,0,0.0,5
1,True,35,0,62,1131,0,0,0.0,4
1,True,71,0,69,627,0,0,0.0,3
1,True,11,0,50,2989,0,0,0.0,3
1,True,313,0,48,1476,0,0,0.0,4
2,False,1645,71,74,1002,0,0,0.0,2
4,True,673,0,56,430,0,0,0.0,3
1,True,169,0,70,1146,0,0,0.0,3
1,False,129,0,48,8808,0,0,0.0,3
3,True,545,0,42,1334,0,0,0.0,3
1,True,1165,94,67,3547,4,78,0.0219904144347335,2
4,True,71,0,93,995,1,20,0.0201005025125628,2
4,True,5105,78,46,179,2,114,0.6368715083798883,3
8,False,483,0,58,660,1,3,0.0045454545454545,4
-1,True,6122,38,76,837,2,88,0.1051373954599761,4
-1,True,1127,50,81,510,1,208,0.4078431372549019,1
3,True,996,0,56,746,6,60,0.0804289544235924,2
-2,True,3,0,32,1214,0,0,0.0,2
1,False,1400,38,60,221,1,9,0.0407239819004524,3
4,True,183,0,73,1290,0,0,0.0,3
1,False,407,0,62,13772,0,0,0.0,3
1,True,313,0,45,690,2,42,0.0608695652173913,3
1,False,177,0,49,914,0,0,0.0,5
-1,True,193,0,76,312,3,33,0.1057692307692307,1
1,True,2621,62,48,330,4,61,0.1848484848484848,2
1,False,11,0,130,693,0,0,0.0,5
1,False,65,0,28,6162,0,0,0.0,2
4,True,2818,0,86,2474,0,0,0.0,4
3,True,373,0,48,308,0,0,0.0,4
1,False,11,0,43,1932,0,0,0.0,5
1,True,189,43,52,89,0,0,0.0,1
2,False,21,0,98,1977,2,17,0.0085988872028325,5
1,True,169,0,55,788,0,0,0.0,1
1,True,17,0,58,926,0,0,0.0,4
1,True,55,0,43,625,0,0,0.0,3
1,True,172,83,149,1058,1,14,0.0132325141776937,4
2,True,169,100,46,742,0,0,0.0,5
1,True,1849,69,78,1481,3,78,0.0526671168129642,3
24,True,275,0,53,327,1,31,0.0948012232415902,2
1,True,135,0,44,584,0,0,0.0,4
1,True,3092,67,42,791,7,75,0.0948166877370417,3
1,True,11,0,90,762,0,0,0.0,4
1,False,5009,100,63,2871,10,147,0.051201671891327,4
-1,False,1,0,79,247,0,0,0.0,5
1,False,11,0,60,999,0,0,0.0,3
1,True,190,50,51,1319,1,64,0.048521607278241,5
1,True,23,0,64,2558,0,0,0.0,3
3,True,558,50,95,852,0,0,0.0,2
1,True,1932,75,63,1321,5,104,0.0787282361847085,1
3,True,435,14,58,405,0,0,0.0,3
2,False,1049,92,50,748,5,164,0.2192513368983957,2
3,False,1201,0,52,1260,4,247,0.196031746031746,4
12,True,1955,0,60,900,2,48,0.0533333333333333,1
1,True,12102,0,40,803,3,55,0.0684931506849315,2
3,True,43,0,105,3060,5,349,0.1140522875816993,3
1,True,75,0,77,72,0,0,0.0,4
-1,True,2963,58,60,914,0,0,0.0,5
1,True,296,0,36,1960,2,276,0.1408163265306122,2
1,True,7155,89,29,1865,3,26,0.013941018766756,4
2,True,23,0,30,304,1,59,0.194078947368421,4
1,True,320,0,46,843,10,24,0.0284697508896797,4
4,True,3650,69,48,699,1,116,0.1659513590844063,4
1,True,781,80,48,5903,1,38,0.0064374047094697,3
14,True,2441,51,45,542,1,123,0.2269372693726937,1
4,True,59346,90,94,2867,10,78,0.0272061388210673,4
1,True,169,0,50,99,0,0,0.0,5
-2,True,5,0,52,477,0,0,0.0,3
5,True,439,0,45,440,1,71,0.1613636363636363,3
1,True,3199,60,52,392,0,0,0.0,4
1,True,13,0,83,1523,5,302,0.1982928430728824,2
1,False,11,0,134,1562,0,0,0.0,2
1,True,177,0,75,411,5,28,0.0681265206812652,2
1,False,42,0,35,125,0,0,0.0,3
3,True,33,0,66,512,2,187,0.365234375,4
1,True,731,81,158,1335,0,0,0.0,5
2,True,328,0,61,523,0,0,0.0,3
9,True,777,50,58,1164,0,0,0.0,2
3,True,3711,0,25,677,2,58,0.0856720827178729,5
1,False,107,20,40,383,1,158,0.412532637075718,2
2,False,83,0,74,120,0,0,0.0,3
12,True,84409,72,47,458,4,46,0.1004366812227074,5
-1,True,3,0,55,3258,3,42,0.012891344383057,2
1,False,321,0,68,147,0,0,0.0,3
-1,True,337,0,72,2186,0,0,0.0,5
1,True,3545,45,68,373,0,0,0.0,2
2,True,41,0,52,59,0,0,0.0,2
1,False,11,0,73,2077,0,0,0.0,5
1,True,139,50,83,1103,3,199,0.1804170444242973,3
-1,True,3,0,35,3164,0,0,0.0,4
1,True,577,71,49,471,3,92,0.1953290870488322,5
2,True,23,0,52,1113,1,13,0.0116801437556154,2
2,True,55,0,54,1691,9,72,0.0425783560023654,2
4,True,4506,56,98,706,0,0,0.0,5
5,True,3240,54,44,899,3,61,0.067853170189099,5
1,False,11,0,60,777,0,0,0.0,5
1,False,11,0,52,1482,0,0,0.0,3
1,True,108,0,40,752,0,0,0.0,1
1,True,3320,67,66,917,0,0,0.0,4
1,False,137,25,38,77,0,0,0.0,3
2,True,8377,48,38,345,2,18,0.0521739130434782,1
1,True,35,0,53,313,0,0,0.0,4
1,True,181,0,43,577,1,116,0.2010398613518197,4
1,True,385,0,32,1917,0,0,0.0,3
5,True,437,0,75,876,2,56,0.0639269406392694,2
1,True,1725,76,77,513,1,13,0.0253411306042884,4
1,False,335,12,36,348,6,139,0.3994252873563218,5
10,False,101,0,135,1554,0,0,0.0,5
2,False,93,0,48,428,0,0,0.0,2
4,True,43,0,37,875,1,19,0.0217142857142857,3
1,False,1181,62,64,1534,5,64,0.0417209908735332,3
1,True,4494,99,49,1527,1,295,0.1931892599869024,5
1,False,11,0,44,1154,0,0,0.0,4
2,True,687,35,53,1532,0,0,0.0,5
2,True,14975,44,30,1756,8,104,0.0592255125284738,2
-2,False,1296,28,22,999,0,0,0.0,4
1,True,6426,100,26,390,4,27,0.0692307692307692,2
1,False,23589,78,54,1230,9,68,0.0552845528455284,5
5,True,175,0,54,1768,2,44,0.0248868778280542,4
1,True,11,0,56,231,0,0,0.0,2
1,False,71,0,54,1010,0,0,0.0,3
1,False,11,0,71,1344,0,0,0.0,2
11,True,113,0,59,491,0,0,0.0,5
3,True,33,0,132,326,0,0,0.0,2
12,True,972,0,56,729,0,0,0.0,3
3,True,624,0,44,1037,2,29,0.0279652844744455,1
3,True,1502,67,99,1107,8,200,0.1806684733514001,5
-1,False,1,0,52,449,2,83,0.1848552338530066,2
3,True,2572,70,91,1383,6,27,0.0195227765726681,1
3,True,63,0,95,929,4,96,0.1033369214208826,3
1,True,752,20,24,213,0,0,0.0,1
2,True,277,0,34,1497,1,17,0.0113560454241816,4
2,True,2105,82,78,562,0,0,0.0,4
-1,True,35,0,58,535,3,14,0.0261682242990654,3
-1,False,1,0,36,1005,0,0,0.0,3
1,False,13,0,28,1344,0,0,0.0,3
1,True,15,0,66,363,1,64,0.1763085399449036,2
1,True,229,0,35,632,1,75,0.1186708860759493,2
1,True,162,100,106,1016,5,117,0.1151574803149606,5
5,True,184,0,118,1072,3,88,0.0820895522388059,4
-1,False,3,0,103,5470,0,0,0.0,2
2,True,61,0,43,2997,0,0,0.0,3
3,True,285,0,50,1158,4,29,0.0250431778929188,4
9,True,3490,82,48,172,1,88,0.5116279069767442,2
1,True,25,0,60,644,0,0,0.0,5
1,False,11,0,45,434,1,125,0.2880184331797235,3
2,True,537,57,54,1549,10,447,0.288573273079406,4
1,True,246,0,48,2498,1,51,0.0204163330664531,5
-1,True,650,0,57,1087,1,15,0.0137994480220791,3
2,True,157,0,83,502,2,35,0.0697211155378486,2
2,True,69,0,115,778,2,139,0.1786632390745501,2
-2,True,67,0,79,1811,1,710,0.3920485919381557,5
1,True,976,0,28,2648,0,0,0.0,2
1,True,21,0,70,2468,2,121,0.0490275526742301,5
3,True,591,57,87,1821,0,0,0.0,5
2,True,4204,81,39,1126,1,20,0.0177619893428063,4
9,True,3716,0,130,642,2,72,0.1121495327102803,5
1,True,3378,0,70,2464,3,82,0.0332792207792207,2
1,True,588,0,52,367,0,0,0.0,1
9,True,111,0,43,150,1,9,0.06,1
2,False,3191,44,95,226,3,27,0.1194690265486725,3
2,True,345,0,98,3834,2,12,0.0031298904538341,4
1,False,722,0,70,1261,1,24,0.0190325138778747,4
2,True,21,0,58,1796,0,0,0.0,3
2,True,55,0,74,633,0,0,0.0,1
2,True,538,50,66,739,0,0,0.0,3
2,True,1521,0,55,2230,6,618,0.2771300448430493,3
15,True,15061,0,36,518,4,35,0.0675675675675675,2
5,True,141,0,89,815,1,22,0.0269938650306748,4
1,False,11,0,65,291,0,0,0.0,4
1,True,76378,91,76,624,0,0,0.0,2
1,True,429,0,47,1283,0,0,0.0,3
1,False,191,0,63,300,2,33,0.11,1
67,True,781,0,55,399,12,230,0.5764411027568922,3
7,True,9715,78,53,568,2,32,0.056338028169014,5
-3,True,53,0,18,133,2,51,0.3834586466165413,3
1,True,134,0,35,1071,1,30,0.0280112044817927,3
2,True,57,0,83,921,0,0,0.0,3
11,True,111,0,46,336,2,162,0.4821428571428571,5
1,True,319,0,23,443,1,2,0.0045146726862302,3
2,False,246,0,61,408,1,104,0.2549019607843137,4
3,False,31,0,48,1020,0,0,0.0,4
7,True,1248,0,82,375,2,84,0.224,3
2,True,1820,100,61,7482,1,10,0.0013365410318096,5
2,True,6730,83,95,1010,0,0,0.0,3
2,False,21,0,61,1039,0,0,0.0,3
4,True,71,0,64,400,0,0,0.0,4
3,False,981,0,108,1374,1,39,0.0283842794759825,5
4,True,726,0,46,737,9,109,0.1478968792401628,3
1,True,81,0,73,371,0,0,0.0,3
2,True,21,0,55,265,3,35,0.1320754716981132,1
2,True,23,0,41,835,0,0,0.0,4
1,True,13,0,39,1475,1,7,0.0047457627118644,3
1,True,45,0,52,1644,0,0,0.0,4
5,True,13485,68,52,211,0,0,0.0,1
1,False,57,0,59,376,0,0,0.0,4
1,False,11,0,114,1904,4,99,0.0519957983193277,5
1,True,71,0,37,308,0,0,0.0,3
7,True,2697,59,49,1326,5,63,0.0475113122171945,4
1,True,2810,80,81,906,3,27,0.0298013245033112,4
5,True,137,0,57,1451,0,0,0.0,4
1,True,945,50,78,1059,4,22,0.0207743153918791,3
4,True,41,0,89,1086,1,21,0.0193370165745856,3
1,True,25,0,61,1287,0,0,0.0,4
4,False,315,0,51,3081,0,0,0.0,5
2,True,281,0,48,1082,2,15,0.0138632162661737,2
1,False,887,0,113,790,1,164,0.2075949367088607,3
1,True,1999,68,49,1324,0,0,0.0,5
3,True,0,0,69,676,0,0,0.0,4
1,False,11,0,35,148,0,0,0.0,5
1,False,11,0,95,1676,7,41,0.0244630071599045,4
2,True,137,100,59,193,0,0,0.0,3
2,True,1212,0,52,1696,0,0,0.0,4
3,False,31,0,117,1857,0,0,0.0,5
2,False,21,0,85,1499,0,0,0.0,5
2,True,55,0,55,2961,0,0,0.0,3
8,True,163,0,49,1838,0,0,0.0,2
1,True,1664,73,109,187,0,0,0.0,4
1,False,51,0,34,8933,1,47,0.0052613903503862,2
1,True,13,0,93,2053,0,0,0.0,5
3,True,31,0,41,1368,10,225,0.1644736842105263,1
-1,False,1,0,19,344,0,0,0.0,2
4,True,25651,83,81,2529,4,38,0.015025701858442,4
2,True,1218,0,95,893,0,0,0.0,1
3,True,352,0,57,348,0,0,0.0,2
2,True,6145,83,57,8152,19,329,0.0403581943081452,5
1,True,494,0,88,534,0,0,0.0,3
-1,True,21,0,38,412,0,0,0.0,4
2,True,6204,84,72,1732,0,0,0.0,4
1,True,177,0,91,556,2,280,0.5035971223021583,2
1,True,207,0,64,514,0,0,0.0,4
3,True,15061,0,57,1151,11,106,0.0920938314509122,5
1,False,36,0,43,488,0,0,0.0,5
7,True,219,0,37,9709,0,0,0.0,4
4,True,360,0,39,673,4,44,0.0653789004457652,3
4,True,797,0,45,2043,2,108,0.052863436123348,3
1,False,141,0,75,605,0,0,0.0,5
1,False,53,0,102,1121,0,0,0.0,3
1,True,1064,0,91,909,1,115,0.1265126512651265,4
2,True,311,0,45,1441,2,105,0.0728660652324774,2
1,True,127,0,50,1082,1,201,0.1857670979667282,1
2,False,21,0,61,295,0,0,0.0,3
1,False,11,0,70,3237,0,0,0.0,5
3,True,31,0,150,279,0,0,0.0,3
1,False,75,0,59,1196,0,0,0.0,4
-1,True,17,0,95,792,0,0,0.0,3
5,True,16206,0,51,1612,12,156,0.0967741935483871,4
3,True,1626,0,44,903,6,66,0.0730897009966777,2
1,True,166,0,59,511,0,0,0.0,4
3,False,31,0,29,1051,3,30,0.0285442435775451,2
3,True,370,0,64,2234,0,0,0.0,3
2,True,21,0,51,470,2,85,0.1808510638297872,3
1,True,6283,56,51,199,0,0,0.0,5
7,True,161,0,95,411,0,0,0.0,5
4,True,596,0,77,589,0,0,0.0,5
1,True,1078,85,51,1526,6,98,0.0642201834862385,5
6,True,133,0,48,899,0,0,0.0,4
3,True,103,0,26,478,3,69,0.1443514644351464,5
1,False,1306,62,37,383,0,0,0.0,1
-1,False,1334,56,25,1114,1,23,0.0206463195691202,4
1,True,4992,50,68,1173,5,82,0.0699062233589087,4
1,True,140,0,45,1460,0,0,0.0,3
2,True,53,0,58,2143,0,0,0.0,5
2,True,1337,70,26,339,0,0,0.0,1
2,True,2594,0,30,866,0,0,0.0,3
1,False,11,0,31,1608,2,18,0.0111940298507462,4
6,True,2198,71,69,730,2,13,0.0178082191780821,2
1,True,3945,98,63,1907,6,206,0.108023072889355,2
1,False,838,50,46,747,0,0,0.0,3
7,True,361,0,69,1230,10,51,0.0414634146341463,5
1,True,291,71,52,376,0,0,0.0,2
2,True,405,0,55,541,0,0,0.0,2
-1,False,2203,42,40,644,8,130,0.201863354037267,1
3,True,268,0,125,268,0,0,0.0,5
13,True,14368,85,71,701,0,0,0.0,2
-1,True,2767,63,65,860,4,52,0.0604651162790697,3
1,True,1155,0,95,5060,7,223,0.0440711462450592,5
1,True,41,0,43,1330,0,0,0.0,2
1,True,31,0,46,571,0,0,0.0,3
2,False,492,0,38,423,0,0,0.0,5
16,True,1097,0,57,556,0,0,0.0,2
1,True,51,0,137,1039,1,348,0.3349374398460057,3
3,True,595,0,78,259,0,0,0.0,2
3,True,3265,86,72,2329,0,0,0.0,5
4,True,75,56,59,1756,0,0,0.0,4
6,False,61,0,54,281,1,9,0.0320284697508896,3
1,True,29,0,51,1023,9,342,0.3343108504398827,3
1,True,41,0,59,11490,0,0,0.0,3
1,False,531,0,30,1682,2,70,0.0416171224732461,3
1,False,5408,59,63,174,0,0,0.0,3
11,True,7488,0,109,290,3,25,0.0862068965517241,2
1,False,23,0,80,2244,0,0,0.0,4
1,False,495,0,73,1757,0,0,0.0,4
1,False,163,0,80,495,0,0,0.0,5
1,True,166,0,34,650,0,0,0.0,4
5,True,6544,83,86,350,2,32,0.0914285714285714,4
1,True,757,0,60,493,3,121,0.2454361054766734,2
1,True,729,47,58,677,0,0,0.0,1
1,True,125,0,62,3790,0,0,0.0,2
-1,True,55,0,71,613,0,0,0.0,4
-1,False,1445,0,87,655,0,0,0.0,3
-1,True,1737,0,71,1557,0,0,0.0,3
-1,True,57,0,75,702,7,255,0.3632478632478632,3
3,False,43,0,34,1054,0,0,0.0,5
1,True,392,46,32,508,9,189,0.3720472440944882,3
1,True,13,0,48,633,0,0,0.0,4
1,True,393,0,50,904,1,31,0.03429203539823,5
3,True,129,0,53,140,0,0,0.0,3
1,True,829,0,84,931,4,30,0.0322234156820623,5
2,True,6398,59,85,685,5,69,0.1007299270072992,3
-2,True,17153,39,30,199,0,0,0.0,5
1,True,459,83,94,5526,0,0,0.0,4
2,True,252,0,48,323,3,55,0.1702786377708978,1
25,True,530,0,48,244,0,0,0.0,2
4,True,11037,92,44,721,3,114,0.1581137309292649,2
1,True,121,0,42,2377,0,0,0.0,5
1,False,25111,66,64,157,0,0,0.0,2
3,True,652,0,94,753,0,0,0.0,3
1,True,47,0,63,3197,10,266,0.0832030028151391,5
13,True,207,0,35,4562,0,0,0.0,5
2,False,399,0,45,2033,1,34,0.0167240531234628,4
1,True,912,75,53,2458,6,128,0.0520748576078112,4
1,False,0,0,104,223,0,0,0.0,1
1,False,11,0,89,380,0,0,0.0,1
2,True,14950,0,59,662,7,98,0.148036253776435,3
20,True,574,100,80,655,0,0,0.0,2
1,True,21,0,57,1358,2,75,0.0552282768777614,3
2,False,21,0,41,113,0,0,0.0,2
2,True,43,0,51,366,1,25,0.0683060109289617,3
-1,False,1,0,37,200,0,0,0.0,3
1,True,129,0,52,1293,0,0,0.0,2
-1,True,37,0,31,329,0,0,0.0,2
1,True,21,0,44,1086,0,0,0.0,3
3,True,35,0,39,203,0,0,0.0,3
2,True,745,0,51,726,0,0,0.0,2
1,False,340,0,120,1183,17,387,0.3271344040574809,3
2,True,874,54,48,2456,1,237,0.0964983713355048,5
-1,True,1194,59,74,1553,0,0,0.0,1
2,True,120,0,46,210,2,29,0.1380952380952381,5
1,True,159,0,75,380,0,0,0.0,5
1,True,7584,75,78,1242,6,145,0.1167471819645732,3
1,True,95,0,38,1255,5,113,0.0900398406374502,5
1,True,111,0,84,2383,0,0,0.0,4
4,True,2257,0,65,1092,4,145,0.1327838827838827,4
1,True,338,56,41,835,16,171,0.2047904191616766,3
3,True,3840,44,67,699,0,0,0.0,1
3,False,1719,71,46,769,0,0,0.0,5
1,True,21,0,92,1899,0,0,0.0,2
2,True,25,0,82,1355,1,11,0.0081180811808118,5
1,False,11,0,57,1241,0,0,0.0,1
1,True,343,0,70,2888,0,0,0.0,4
1,True,31,0,71,1542,2,34,0.0220492866407263,5
2,True,172,56,58,891,1,10,0.0112233445566778,5
2,True,21,0,41,299,1,5,0.0167224080267558,3
1,False,580,67,78,3238,2,40,0.0123533045089561,2
2,True,1626,0,80,1241,0,0,0.0,2
1,True,2166,91,71,705,7,69,0.0978723404255319,3
1,True,1363,57,91,4212,9,132,0.0313390313390313,2
6,True,627,88,55,1226,0,0,0.0,3
1,False,103,0,37,248,0,0,0.0,5
3,True,0,0,64,280,0,0,0.0,3
3,True,301,86,66,2019,0,0,0.0,4
1,False,31,0,56,1114,0,0,0.0,3
1,True,1138,0,53,1615,6,148,0.091640866873065,3
2,True,926,0,112,732,4,44,0.0601092896174863,5
4,True,569,50,73,1679,0,0,0.0,5
2,False,51,0,58,404,0,0,0.0,2
2,True,31,0,130,497,0,0,0.0,3
7,False,71,0,72,813,0,0,0.0,2
2,True,926,0,42,5509,0,0,0.0,5
1,True,951,80,49,999,4,51,0.051051051051051,3
-1,False,2181,0,58,668,6,432,0.6467065868263473,4
1,True,823,91,35,467,6,44,0.0942184154175588,2
1,True,77,0,53,1655,0,0,0.0,4
1,False,11,0,21,476,0,0,0.0,2
1,True,3786,77,109,1803,0,0,0.0,3
1,True,21,0,60,473,0,0,0.0,4
1,True,57,0,77,1951,1,54,0.0276781137878011,4
5,True,71,0,44,427,0,0,0.0,5
14,False,4053,95,29,3736,6,125,0.033458244111349,4
27,True,1976,57,67,787,6,108,0.1372299872935197,2
3,False,191,0,71,6386,0,0,0.0,3
1,True,103,0,68,615,0,0,0.0,4
20,True,1013,0,83,7552,2,82,0.0108580508474576,2
1,True,31,0,65,935,0,0,0.0,1
1,True,1188,40,64,1079,4,59,0.0546802594995366,1
1,False,370,0,43,188,2,55,0.2925531914893617,3
3,False,24854,51,81,8130,1,21,0.0025830258302583,2
2,False,881,0,44,2689,5,83,0.030866493120119,4
5,True,113,0,45,3469,1,51,0.0147016431248198,5
5,False,6204,0,67,626,0,0,0.0,4
-1,False,17,0,75,183,0,0,0.0,3
2,True,5541,90,52,592,2,20,0.0337837837837837,2
2,True,33,0,23,1551,0,0,0.0,3
6,True,61,0,40,469,0,0,0.0,2
3,True,5649,69,61,2297,0,0,0.0,2
1,True,3567,0,88,601,5,46,0.0765391014975041,2
1,False,59,0,51,1875,0,0,0.0,3
-1,True,2098,83,74,568,0,0,0.0,5
1,True,131,0,103,702,4,267,0.3803418803418803,5
2,False,949,67,52,1311,6,56,0.0427154843630816,3
1,True,2617,71,88,3033,8,86,0.0283547642598087,5
3,True,31,0,56,784,0,0,0.0,4
1,True,2092,45,45,606,4,16,0.0264026402640264,4
2,True,350,0,98,1738,0,0,0.0,4
2,True,1882,78,41,210,1,59,0.2809523809523809,2
1,True,41,0,34,474,0,0,0.0,3
2,True,21,0,48,240,0,0,0.0,2
2,True,49,0,120,1428,3,60,0.042016806722689,3
2,True,171,0,75,2629,0,0,0.0,2
10,True,2148,25,35,635,2,6,0.0094488188976377,5
12,True,185,0,54,251,0,0,0.0,3
4,True,95,0,71,459,9,56,0.1220043572984749,5
1,False,11,0,44,1224,0,0,0.0,5
1,True,13,0,32,888,3,34,0.0382882882882882,1
1,True,1546,45,53,731,1,34,0.0465116279069767,3
2,True,23,0,37,839,0,0,0.0,3
1,False,676,0,39,1960,1,25,0.0127551020408163,3
1,True,392,0,44,74,0,0,0.0,1
-1,True,47,0,36,40,0,0,0.0,3
7,True,6283,56,94,591,3,9,0.015228426395939,4
1,True,1528,0,66,499,5,49,0.0981963927855711,3
1,True,4590,53,48,1950,0,0,0.0,1
2,False,349,0,33,368,1,99,0.2690217391304347,2
2,True,26911,64,66,162,1,25,0.1543209876543209,1
1,True,5193,91,58,1650,1,109,0.066060606060606,2
4,True,1825,0,35,554,2,20,0.0361010830324909,3
3,True,3042,0,57,1537,0,0,0.0,3
3,False,410,81,56,1317,1,17,0.0129081245254365,2
1,False,11,0,51,323,0,0,0.0,2
8,True,369,15,44,918,5,29,0.0315904139433551,4
2,True,41,0,33,4930,0,0,0.0,4
1,True,395,78,66,716,0,0,0.0,4
1,True,3089,74,46,720,1,25,0.0347222222222222,4
1,True,223,0,94,2395,3,20,0.0083507306889352,4
10,True,65110,87,39,510,1,4,0.0078431372549019,4
4,False,2084,65,68,843,0,0,0.0,2
1,True,367,80,77,1150,9,160,0.1391304347826087,1
19,True,193,0,59,260,0,0,0.0,2
2,True,0,0,60,2088,0,0,0.0,3
1,True,187,0,63,720,0,0,0.0,4
1,True,11565,76,59,342,1,23,0.067251461988304,4
2,True,585,73,39,1584,0,0,0.0,5
1,True,301,0,70,529,0,0,0.0,5
2,True,31,0,54,1705,1,78,0.0457478005865102,5
1,True,15753,68,80,3184,0,0,0.0,4
2,True,158,0,40,2242,0,0,0.0,5
1,True,13,0,72,643,0,0,0.0,4
2,True,47,0,71,1235,0,0,0.0,2
-1,False,1,0,94,996,0,0,0.0,3
1,False,734,0,46,412,0,0,0.0,1
2,False,21,0,65,410,0,0,0.0,2
1,True,833,0,31,444,3,50,0.1126126126126126,4
1,True,79,0,54,1482,0,0,0.0,4
1,True,11,0,65,1374,2,74,0.0538573508005822,2
2,False,119,0,67,5184,0,0,0.0,4
-1,True,63,0,75,2635,1,41,0.0155597722960151,2
3,True,424,0,74,766,2,43,0.0561357702349869,3
1,True,2269,0,73,5004,3,1105,0.2208233413269384,2
2,True,555,0,55,121,2,35,0.2892561983471074,1
1,True,16920,87,63,485,1,10,0.0206185567010309,4
2,False,1495,34,72,2022,0,0,0.0,2
1,True,285,0,77,3248,3,57,0.0175492610837438,5
1,True,2761,54,48,228,0,0,0.0,5
-1,False,1,0,49,481,0,0,0.0,4
4,False,779,0,41,589,0,0,0.0,5
2,False,41,0,95,5202,1,14,0.0026912725874663,2
1,True,1835,0,47,316,0,0,0.0,3
1,False,131,0,57,825,0,0,0.0,4
2,True,4088,73,51,2825,13,137,0.0484955752212389,1
6,True,135,0,95,939,0,0,0.0,4
1,True,133,0,59,924,1,62,0.0670995670995671,1
20,True,255,0,48,328,0,0,0.0,2
2,True,2719,0,50,755,11,75,0.0993377483443708,2
-2,True,1,0,76,4172,0,0,0.0,3
2,True,0,0,31,228,0,0,0.0,5
6,True,133,0,103,528,0,0,0.0,5
3,True,31,0,62,172,0,0,0.0,3
1,False,20250,87,39,1286,1,11,0.0085536547433903,3
3,True,7587,100,68,437,5,73,0.1670480549199084,5
5,True,93,0,75,633,0,0,0.0,5
1,False,0,0,52,1980,0,0,0.0,1
1,True,1765,60,86,3363,1,86,0.0255724055902468,3
1,True,21,0,50,4901,2,33,0.0067333197306672,5
3,True,151,0,76,592,0,0,0.0,3
1,True,37,0,64,1244,0,0,0.0,3
1,True,23,0,56,673,1,93,0.138187221396731,4
1,True,11,0,73,449,0,0,0.0,2
1,True,131,0,48,126,0,0,0.0,1
1,True,930,0,69,2144,2,160,0.0746268656716417,4
1,True,177,0,105,518,0,0,0.0,4
1,True,11,0,57,628,1,87,0.1385350318471337,3
1,True,18601,72,39,622,0,0,0.0,1
-2,True,39,0,27,4052,0,0,0.0,3
-1,True,23,0,36,627,0,0,0.0,3
5,True,170,0,58,2715,0,0,0.0,2
2,True,21,0,76,2037,0,0,0.0,5
-1,False,81,0,95,323,0,0,0.0,1
-1,False,91,0,38,1863,0,0,0.0,4
2,True,1725,52,51,936,4,73,0.0779914529914529,3
1,True,365,0,41,1212,3,60,0.0495049504950495,1
1,True,251,60,69,6124,6,158,0.0258001306335728,4
4,True,127,0,37,1366,1,11,0.0080527086383601,4
2,False,1204,71,43,422,6,48,0.1137440758293838,2
3,False,166,0,44,2734,7,105,0.0384052670080468,2
-1,True,35,0,54,4180,0,0,0.0,4
2,False,21,0,36,553,5,52,0.0940325497287522,5
1,False,1323,0,76,785,8,141,0.1796178343949044,5
-1,True,1634,56,45,4711,0,0,0.0,4
3,True,196,67,82,688,3,35,0.0508720930232558,5
1,True,50,0,63,1860,1,27,0.014516129032258,4
1,True,551,0,46,695,2,61,0.0877697841726618,3
1,True,465,0,32,256,1,92,0.359375,4
3,True,43,0,96,997,1,35,0.0351053159478435,5
1,False,3156,72,50,412,2,22,0.0533980582524271,3
2,True,21,0,39,1337,2,106,0.0792819745699326,2
2,True,21,0,33,1581,0,0,0.0,3
1,True,1775,0,59,717,0,0,0.0,2
2,True,12201,0,41,780,1,22,0.0282051282051282,1
7,True,1381,0,57,2912,20,99,0.0339972527472527,3
2,True,1282,0,40,749,0,0,0.0,4
3,True,33,0,52,495,1,94,0.1898989898989899,3
2,True,3411,18,122,548,1,37,0.0675182481751824,4
1,True,335,0,46,684,2,60,0.087719298245614,3
2,False,111,0,99,392,0,0,0.0,1
11,True,2299,0,126,373,2,24,0.064343163538874,4
3,True,825,59,83,759,0,0,0.0,5
2,False,8008,69,41,1038,0,0,0.0,1
1,True,36477,90,56,317,1,42,0.1324921135646687,2
1,True,115,0,62,1656,2,27,0.0163043478260869,1
1,True,125,0,140,3998,0,0,0.0,3
1,True,13,0,48,540,0,0,0.0,3
1,False,21,0,43,629,1,25,0.0397456279809221,3
65,True,859,0,80,60,0,0,0.0,3
2,True,89,0,33,195,0,0,0.0,2
3,True,2299,0,30,1420,1,13,0.0091549295774647,4
3,False,5208,45,57,1835,1,10,0.0054495912806539,4
1,True,11,0,65,225,0,0,0.0,5
4,True,5150,0,51,1580,27,345,0.2183544303797468,5
1,True,126,71,60,1736,0,0,0.0,4
3,True,2192,100,107,433,1,20,0.046189376443418,3
1,False,111,0,81,1072,1,8,0.0074626865671641,5
2,False,19,0,73,6501,0,0,0.0,4
1,True,69,0,85,7726,1,32,0.0041418586590732,3
2,True,2154,36,68,4206,0,0,0.0,5
1,False,23,0,118,209,0,0,0.0,3
1,True,360,0,120,997,3,29,0.029087261785356,5
2,True,373,50,56,977,0,0,0.0,1
10,True,619,0,45,365,0,0,0.0,4
1,True,2724,83,39,497,5,44,0.0885311871227364,5
-2,True,199,47,37,520,2,136,0.2615384615384615,5
2,False,621,0,56,2136,0,0,0.0,5
1,True,23,0,45,413,0,0,0.0,1
2,True,531,0,88,512,0,0,0.0,4
1,True,91,0,27,274,2,9,0.0328467153284671,4
1,True,26,0,26,700,0,0,0.0,5
4,True,183,0,54,413,0,0,0.0,2
3,True,0,0,47,1337,3,80,0.0598354525056095,2
2,False,1310,77,51,3613,1,104,0.0287849432604483,5
1,True,11,0,83,1798,0,0,0.0,4
2,False,980,89,77,6704,1,15,0.0022374701670644,5
2,True,7991,96,60,855,3,83,0.0970760233918128,3
3,True,39,0,77,559,0,0,0.0,5
2,False,21,0,77,344,0,0,0.0,2
1,True,749,9,35,1253,1,3,0.0023942537909018,4
1,True,2934,87,79,846,5,75,0.0886524822695035,2
9,True,229,60,40,1066,3,41,0.0384615384615384,4
1,False,3072,0,76,753,0,0,0.0,5
2,True,43,0,92,501,0,0,0.0,3
1,True,13,0,108,361,0,0,0.0,3
1,True,37,0,104,1308,0,0,0.0,2
4,True,43,0,65,865,2,26,0.030057803468208,2
-1,True,1,0,40,191,0,0,0.0,3
4,True,265,0,67,280,1,6,0.0214285714285714,2
2,True,2105,82,125,1142,0,0,0.0,5
1,False,11,0,85,2757,0,0,0.0,4
-1,False,1,0,83,666,0,0,0.0,3
2,False,79,0,50,2729,0,0,0.0,5
-1,False,3,0,60,549,0,0,0.0,2
38,True,659,0,59,562,1,74,0.1316725978647686,4
1,True,1484,0,116,998,1,23,0.0230460921843687,4
-1,True,1697,60,73,4078,0,0,0.0,3
5,True,191,0,63,1949,0,0,0.0,5
-2,False,494,0,84,1041,1,58,0.0557156580211335,5
-2,True,8757,97,63,377,2,157,0.416445623342175,4
1,True,4980,71,57,821,2,164,0.1997563946406821,4
3,True,40081,97,57,1802,2,39,0.0216426193118756,5
1,True,2211,0,42,274,3,156,0.5693430656934306,1
1,False,23062,81,96,1833,3,14,0.0076377523186033,5
4,True,63,0,148,5907,0,0,0.0,2
4,True,179,100,88,2083,1,21,0.0100816130580892,5
2,True,535,0,57,718,0,0,0.0,4
3,True,5381,90,37,451,1,9,0.0199556541019955,2
1,True,3373,78,105,1444,1,23,0.0159279778393351,2
2,True,317,0,104,1819,0,0,0.0,3
3,True,149,47,99,1275,0,0,0.0,4
3,True,315,0,72,118,2,20,0.1694915254237288,2
-1,False,1,0,133,858,0,0,0.0,3
3,False,31,0,61,5254,0,0,0.0,4
3,True,241,0,68,681,0,0,0.0,3
3,False,112,0,73,741,0,0,0.0,5
1,True,11,0,49,771,0,0,0.0,4
1,True,398,0,64,2077,2,24,0.0115551275878671,5
1,True,142,0,50,541,1,10,0.0184842883548983,3
1,False,111,0,44,686,0,0,0.0,4
-1,False,33,0,148,1399,4,98,0.0700500357398141,2
1,True,11,0,61,342,3,87,0.2543859649122807,4
1,False,1483,0,43,828,9,189,0.2282608695652173,1
1,True,6899,66,53,789,3,77,0.0975918884664131,5
4,True,111,0,77,1002,0,0,0.0,5
1,True,15,0,45,379,0,0,0.0,2
2,True,85,17,30,568,2,419,0.7376760563380281,4
1,False,83,0,54,343,0,0,0.0,4
3,False,31,0,43,2171,0,0,0.0,5
2,False,43,0,59,650,1,3,0.0046153846153846,2
-3,True,15846,54,47,2266,4,80,0.0353045013239188,1
2,True,141,0,70,366,0,0,0.0,2
2,False,33,0,95,405,0,0,0.0,2
6,True,4251,100,50,845,4,138,0.1633136094674556,5
1,False,29,0,62,459,0,0,0.0,5
1,True,2209,52,53,482,0,0,0.0,2
6,True,308,86,86,1046,2,32,0.0305927342256214,3
2,True,479,57,86,828,0,0,0.0,5
1,False,11,0,100,641,0,0,0.0,1
3,False,31,0,75,546,0,0,0.0,2
-1,True,3,0,60,484,0,0,0.0,2
2,True,2096,0,53,365,1,1,0.0027397260273972,1
5,True,363,0,73,1052,3,81,0.0769961977186311,2
1,False,11,0,47,527,4,35,0.0664136622390891,2
2,True,141,0,87,1192,0,0,0.0,4
2,False,1122,85,56,476,4,23,0.0483193277310924,2
5,True,1979,0,36,371,1,12,0.0323450134770889,5
2,True,192,0,88,1322,0,0,0.0,4
6,True,425,100,68,1018,6,155,0.1522593320235756,3
2,True,65,0,55,220,1,7,0.0318181818181818,4
3,True,89,0,64,1196,2,169,0.1413043478260869,4
1,True,33,0,66,1169,0,0,0.0,3
1,False,3373,78,81,512,1,19,0.037109375,1
17,True,274,75,56,551,0,0,0.0,3
1,True,33,0,46,601,0,0,0.0,5
2,True,363,0,60,1176,0,0,0.0,2
1,False,187,0,48,858,10,67,0.0780885780885781,3
2,True,509,0,39,327,0,0,0.0,4
2,True,25,0,70,779,0,0,0.0,3
6,True,121,0,66,2013,1,308,0.1530054644808743,4
1,True,88,50,84,1705,3,19,0.0111436950146627,4
2,False,45,0,54,562,0,0,0.0,3
10,True,1909,0,99,2499,3,36,0.0144057623049219,2
2,False,181,75,35,962,0,0,0.0,2
5,True,350202,49,96,1088,1,14,0.0128676470588235,2
2,False,21,0,99,811,0,0,0.0,4
10,True,474,0,65,1636,1,243,0.1485330073349633,5
2,False,2562,25,66,1494,0,0,0.0,5
2,False,75,0,74,3191,0,0,0.0,5
3,True,949,0,63,333,4,97,0.2912912912912913,2
3,True,55,100,66,456,0,0,0.0,2
1,True,71,0,48,411,0,0,0.0,2
1,True,91,0,119,143,0,0,0.0,5
1,False,109,0,83,549,0,0,0.0,4
3,True,103,0,79,389,0,0,0.0,1
7,True,2847,67,135,5426,11,209,0.0385182454847032,5
2,False,2562,21,62,1306,0,0,0.0,4
3,True,3716,0,96,959,6,252,0.2627737226277372,3
-1,True,4350,95,129,4654,8,446,0.095831542758917,5
1,True,109,25,51,76,0,0,0.0,4
2,True,47,0,67,856,0,0,0.0,4
6,True,71,0,74,1204,9,153,0.1270764119601329,2
1,True,195,0,65,1719,0,0,0.0,3
1,True,711,0,40,606,4,82,0.1353135313531353,5
2,False,420,0,79,1165,7,222,0.1905579399141631,3
-3,True,31,0,63,315,0,0,0.0,5
4,False,151,0,73,2513,4,76,0.0302427377636291,3
1,True,13,0,75,687,6,49,0.0713245997088791,2
1,True,520,0,35,746,2,16,0.0214477211796246,3
1,False,1510,0,41,944,3,19,0.0201271186440677,2
1,True,147,0,41,449,0,0,0.0,3
1,True,564,0,137,1074,3,34,0.031657355679702,4
1,True,77,0,77,1089,0,0,0.0,5
1,True,15,0,66,5161,0,0,0.0,5
-1,True,17,0,68,517,0,0,0.0,3
1,True,11,0,40,187,0,0,0.0,1
1,True,373,100,49,695,0,0,0.0,1
5,True,23840,0,92,957,1,13,0.0135841170323928,3
1,True,134,0,25,682,0,0,0.0,2
1,True,6275,0,48,886,4,29,0.0327313769751693,4
2,True,931,0,40,385,4,30,0.0779220779220779,2
1,False,11,0,47,1987,0,0,0.0,4
6,True,303,0,115,1337,0,0,0.0,5
-1,True,1091,21,47,1483,1,5,0.0033715441672285,4
8,True,5695,0,53,157,0,0,0.0,3
18,True,1420,67,150,1896,5,128,0.0675105485232067,2
1,False,578,96,78,5014,0,0,0.0,3
2,True,1692,0,53,986,0,0,0.0,2
2,True,682,0,41,1427,2,31,0.0217238962859145,2
2,True,615,0,55,589,3,188,0.3191850594227504,2
1,True,479,0,32,689,2,137,0.1988388969521045,2
5,True,798,0,41,472,6,157,0.3326271186440678,5
1,True,21,0,82,760,0,0,0.0,3
7,True,1948,50,32,223,5,45,0.2017937219730941,3
2,True,131,0,63,3268,2,48,0.01468788249694,4
3,True,31,0,136,5001,0,0,0.0,4
1,True,1302,0,79,1672,0,0,0.0,5
1,True,141,0,60,2638,1,22,0.0083396512509476,5
8,True,739,0,44,768,2,34,0.0442708333333333,4
40,True,1239,50,73,565,0,0,0.0,2
1,True,53,0,57,477,1,5,0.010482180293501,4
6,True,10667,65,82,610,16,232,0.380327868852459,2
-2,True,9,0,57,258,0,0,0.0,2
-1,False,115,0,81,2236,0,0,0.0,4
1,True,79,0,82,687,0,0,0.0,5
1,False,11,0,61,331,2,8,0.0241691842900302,3
-1,True,138,0,49,780,2,73,0.0935897435897435,2
4,True,760,0,29,891,2,60,0.0673400673400673,4
1,True,181,0,39,4585,0,0,0.0,4
2,True,1128,0,31,1447,0,0,0.0,5
2,True,23,0,37,1027,0,0,0.0,2
1,True,4530,79,55,453,2,20,0.0441501103752759,2
3,False,801,0,54,891,1,42,0.0471380471380471,3
2,True,21,0,59,744,0,0,0.0,4
-1,True,27,0,66,1108,1,17,0.0153429602888086,1
15,True,1691,0,54,322,1,11,0.0341614906832298,3
2,False,852,56,65,1440,3,45,0.03125,5
4,True,6493,0,23,1180,18,49,0.0415254237288135,3
1,True,702,0,50,1240,0,0,0.0,5
30,True,333,0,128,1497,0,0,0.0,3
-1,True,0,0,62,343,2,50,0.1457725947521866,3
5,True,421,0,54,5716,0,0,0.0,2
4,False,173,0,47,562,3,88,0.1565836298932384,3
8,True,5086,0,92,712,0,0,0.0,2
3,True,531,0,51,151,1,18,0.119205298013245,2
3,True,2753,51,46,1712,4,23,0.0134345794392523,4
1,True,1683,80,63,609,0,0,0.0,4
-1,False,9,0,70,586,0,0,0.0,2
1,False,51,0,53,517,0,0,0.0,5
4,True,351,0,77,6539,0,0,0.0,2
1,True,172,0,78,879,0,0,0.0,4
2,True,1761,90,65,9453,0,0,0.0,5
3,True,1439,0,88,256,0,0,0.0,2
2,True,93,0,83,1205,2,344,0.2854771784232365,4
3,True,1659,25,81,1419,0,0,0.0,2
3,True,91,0,30,111,0,0,0.0,2
1,True,307,0,42,410,0,0,0.0,3
7,True,2668,0,119,977,2,22,0.022517911975435,5
8,True,4458,0,70,389,0,0,0.0,4
4,True,1145,85,69,1226,0,0,0.0,3
1,True,1770,0,79,2948,3,37,0.012550881953867,5
-1,True,91,0,68,458,0,0,0.0,3
1,True,2131,89,45,4277,3,14,0.0032733224222585,5
3,False,1171,0,44,244,0,0,0.0,5
2,True,707,0,41,767,0,0,0.0,5
1,True,187,0,85,3276,6,65,0.0198412698412698,5
3,True,6663,80,40,231,1,41,0.1774891774891775,4
10,False,15104,62,87,1209,2,12,0.009925558312655,4
25,True,1002,0,56,994,7,69,0.0694164989939637,4
3,True,67,0,77,340,0,0,0.0,1
4,True,43,0,41,3231,6,46,0.0142370783039306,4
1,True,21,0,103,761,0,0,0.0,4
3,True,15438,67,113,4193,2,27,0.0064393036012401,1
3,True,386,0,82,563,0,0,0.0,5
-1,True,17,0,35,342,0,0,0.0,2
5,True,53,0,44,3271,11,88,0.026903087740752,3
2,True,75,0,53,985,0,0,0.0,4
2,True,0,0,94,412,0,0,0.0,4
1,True,11,0,106,1373,0,0,0.0,3
1,True,175,0,50,995,0,0,0.0,2
1,True,23,0,62,2262,2,36,0.0159151193633952,5
2,False,81,0,57,1067,0,0,0.0,2
3,True,741,0,54,788,2,14,0.0177664974619289,4
1,False,11,0,46,591,0,0,0.0,3
4,True,110,0,38,1190,3,152,0.1277310924369747,3
1,False,0,0,97,3270,9,224,0.0685015290519877,5
4,True,4916,81,57,357,0,0,0.0,2
3,True,43,0,49,152,0,0,0.0,1
3,True,41,0,29,321,0,0,0.0,5
2,True,24157,79,53,660,4,27,0.0409090909090909,4
1,True,0,0,36,774,7,42,0.0542635658914728,4
1,True,4377,64,74,616,10,30,0.0487012987012987,4
3,False,1665,58,52,193,0,0,0.0,1
-1,False,1,0,47,149,0,0,0.0,3
1,True,481,0,66,702,1,18,0.0256410256410256,5
1,True,31,0,53,215,0,0,0.0,5
6,False,702,0,91,914,4,144,0.1575492341356674,4
2,True,35,40,133,823,0,0,0.0,2
2,False,4064,71,52,159,0,0,0.0,2
-1,False,11,0,50,101,1,7,0.0693069306930693,1
-1,True,1,0,88,879,3,44,0.0500568828213879,1
3,True,26141,84,78,2509,11,193,0.0769230769230769,5
3,True,47495,0,58,1248,6,96,0.0769230769230769,3
15,True,801,0,88,675,0,0,0.0,3
1,False,25,0,34,1832,0,0,0.0,3
1,True,0,0,34,425,1,25,0.0588235294117647,2
1,False,498,0,42,1640,0,0,0.0,4
1,True,402,0,64,2910,0,0,0.0,2
-2,True,203,0,57,555,0,0,0.0,4
1,True,1374,0,91,2641,0,0,0.0,4
1,True,31,0,66,1755,1,78,0.0444444444444444,5
6,True,502,0,85,711,0,0,0.0,3
2,True,3921,52,95,666,1,41,0.0615615615615615,3
2,True,0,0,38,918,8,121,0.1318082788671024,2
1,True,11,0,55,260,0,0,0.0,3
-3,False,49,0,27,611,0,0,0.0,1
3,True,391,14,69,2583,0,0,0.0,4
2,True,39,0,60,613,2,61,0.099510603588907,3
2,False,55,0,49,2646,14,162,0.0612244897959183,3
3,True,573,77,65,3061,4,55,0.01796798431885,5
1,False,41,0,43,642,0,0,0.0,4
1,False,23,0,51,1375,0,0,0.0,2
1,True,1175,88,62,242,4,4,0.0165289256198347,4
2,True,23,0,35,1080,1,54,0.05,2
3,True,1140,100,62,327,1,16,0.0489296636085626,3
2,True,107,0,30,1285,2,27,0.0210116731517509,2
2,False,595,89,54,906,0,0,0.0,2
4,True,69,0,53,469,1,23,0.0490405117270788,4
1,True,33,0,61,426,0,0,0.0,2
2,True,0,0,49,942,0,0,0.0,4
1,True,1109,60,40,704,0,0,0.0,1
-1,True,1,0,41,198,0,0,0.0,3
1,True,159,0,90,1458,1,61,0.041838134430727,2
2,True,150334,75,44,499,4,85,0.1703406813627254,5
3,True,53,0,18,412,0,0,0.0,2
2,True,353,0,53,573,0,0,0.0,3
-1,False,7,0,71,4384,1,3,0.000684306569343,3
-1,True,4146,74,84,6274,2,146,0.02327064073956,3
2,True,4647,86,70,1615,0,0,0.0,3
1,False,746,0,110,959,4,51,0.0531803962460896,4
-1,True,638,0,83,1570,3,10,0.0063694267515923,3
1,True,91,0,56,697,0,0,0.0,1
1,False,171,0,80,4893,5,157,0.0320866544042509,3
1,False,11,0,131,774,0,0,0.0,3
1,True,45,0,69,1662,0,0,0.0,5
3,True,14154,74,85,687,0,0,0.0,2
1,True,369,0,53,2184,0,0,0.0,4
2,False,31,0,35,4753,0,0,0.0,5
1,True,15561,98,87,2148,0,0,0.0,4
2,True,31,0,57,997,1,36,0.0361083249749247,5
2,True,21,0,61,398,2,71,0.1783919597989949,5
1,True,23,0,127,3089,0,0,0.0,4
2,True,1130,100,66,2191,1,10,0.0045641259698767,3
-1,False,489,0,75,790,8,119,0.150632911392405,4
3,True,91,0,50,1276,1,57,0.0446708463949843,5
1,False,11,0,47,2223,0,0,0.0,3
8,True,353,80,32,1011,0,0,0.0,5
1,True,199,58,33,2943,0,0,0.0,2
1,False,77,0,63,655,0,0,0.0,4
9,True,2562,25,82,2299,0,0,0.0,4
3,True,5177,75,50,1244,3,93,0.0747588424437299,5
1,False,505,0,50,1082,0,0,0.0,3
10,True,301,0,51,3113,0,0,0.0,5
3,False,441,30,102,1630,3,113,0.0693251533742331,3
1,True,483,43,43,778,4,65,0.0835475578406169,2
2,False,21,0,75,654,0,0,0.0,2
3,True,89,0,44,227,0,0,0.0,2
2,True,21,0,76,65,0,0,0.0,4
2,False,153,0,80,884,0,0,0.0,1
21,True,17630,58,39,785,3,41,0.0522292993630573,4
2,False,2700,76,121,1750,13,274,0.1565714285714285,5
1,True,13,0,49,195,0,0,0.0,4
-1,True,2791,56,75,922,6,51,0.0553145336225596,1
3,True,118,0,64,1550,0,0,0.0,5
8,True,27515,70,62,2264,9,72,0.0318021201413427,5
20,True,1622,73,68,3963,15,252,0.0635881907645723,5
7,True,5728,0,36,1359,6,95,0.0699043414275202,5
2,True,145,0,43,586,0,0,0.0,3
1,True,105,0,69,2165,0,0,0.0,3
3,True,1973,41,61,596,1,29,0.0486577181208053,1
1,True,11,0,49,1009,0,0,0.0,4
1,True,55,0,45,2682,0,0,0.0,5
1,True,23840,0,55,356,1,19,0.0533707865168539,2
3,True,158,100,71,923,1,9,0.0097508125677139,5
3,True,7102,67,49,1053,1,111,0.1054131054131054,3
-1,True,187,0,69,808,1,53,0.0655940594059406,3
-4,True,1,0,41,461,0,0,0.0,4
2,False,21,0,78,313,0,0,0.0,2
1,True,0,0,37,1065,3,28,0.0262910798122065,3
6,True,103,0,42,341,4,107,0.313782991202346,2
2,True,348,0,60,492,5,242,0.491869918699187,2
4,True,8671,66,77,364,1,19,0.0521978021978022,3
-1,False,17,0,48,494,0,0,0.0,2
1,True,116,100,57,1171,5,249,0.2126387702818104,1
-4,True,3,0,85,1066,0,0,0.0,2
1,True,11,0,52,972,0,0,0.0,1
2,True,196,0,39,535,0,0,0.0,3
-2,True,769,0,80,2369,0,0,0.0,1
2,True,71,0,72,489,0,0,0.0,3
1,True,122,0,58,237,0,0,0.0,2
2,True,8382,70,48,1803,6,118,0.0654464780920687,5
2,True,111,0,58,1167,0,0,0.0,2
1,True,1231,0,70,900,1,144,0.16,3
2,False,21,0,53,1403,0,0,0.0,4
2,False,791,73,115,1989,1,268,0.1347410759175465,4
1,True,41,0,50,864,0,0,0.0,3
-1,False,1,0,48,173,1,4,0.0231213872832369,3
2,True,8462,76,25,864,1,12,0.0138888888888888,5
5,True,311,0,49,4440,0,0,0.0,4
6,False,5079,78,44,1796,2,12,0.0066815144766146,4
4,True,435,75,54,669,2,26,0.038863976083707,4
1,True,45,0,65,360,0,0,0.0,4
2,True,83,0,51,1800,0,0,0.0,3
1,True,1345,56,93,5156,4,326,0.0632273079906904,5
1,False,95,67,41,1016,2,15,0.014763779527559,4
1,False,144,0,80,1374,0,0,0.0,4
1,True,165,0,38,544,1,43,0.0790441176470588,4
4,False,1950,81,40,3587,12,267,0.0744354613883468,4
3,True,1561,0,72,2331,1,78,0.0334620334620334,5
1,True,876,0,78,893,5,174,0.1948488241881299,2
2,True,1887,24,23,1475,5,111,0.0752542372881355,3
2,True,543,67,65,597,3,79,0.1323283082077052,4
2,True,23,0,43,437,0,0,0.0,3
1,True,107,0,53,2812,0,0,0.0,4
1,True,2927,70,55,3169,8,73,0.0230356579362574,1
1,True,79,0,51,896,3,127,0.1417410714285714,4
23,True,1548,63,100,1774,1,19,0.0107102593010146,4
5,True,725,0,47,2334,1,35,0.0149957155098543,3
-3,False,492,0,46,690,1,219,0.3173913043478261,3
5,True,7861,57,61,432,2,57,0.1319444444444444,4
-3,True,1,0,103,726,1,221,0.3044077134986226,3
1,True,833,17,82,2385,2,101,0.0423480083857442,4
1,False,313,0,35,1184,6,79,0.0667229729729729,1
2,True,753,0,58,624,2,23,0.0368589743589743,4
1,True,11,0,45,318,1,8,0.0251572327044025,3
1,True,493,86,64,673,0,0,0.0,2
2,True,31,0,113,418,2,64,0.1531100478468899,1
1,True,156,90,69,1726,0,0,0.0,3
1,False,37,0,42,701,0,0,0.0,4
1,True,31,0,128,719,0,0,0.0,5
1,False,23,0,46,161,3,30,0.186335403726708,1
3,False,473,62,44,2360,0,0,0.0,5
1,False,5223,69,64,3040,0,0,0.0,5
1,False,278,0,34,506,0,0,0.0,3
1,False,107,100,35,382,0,0,0.0,1
1,True,14475,53,56,1974,1,115,0.058257345491388,2
1,True,123,0,40,600,0,0,0.0,5
2,True,5478,92,79,3500,1,181,0.0517142857142857,5
1,True,0,0,70,379,1,29,0.0765171503957783,3
23,True,231,0,73,2742,0,0,0.0,3
1,True,77,0,88,822,0,0,0.0,4
2,True,3494,0,33,624,7,148,0.2371794871794871,2
3,False,1550,60,20,524,1,23,0.0438931297709923,1
1,True,43,0,34,1476,2,103,0.0697831978319783,5
1,False,115,0,42,626,0,0,0.0,2
-1,False,39,0,47,295,0,0,0.0,4
1,True,430,0,44,97,0,0,0.0,2
2,True,17667,82,45,621,4,47,0.0756843800322061,5
3,True,2314,42,65,156,0,0,0.0,1
1,True,14220,65,42,832,4,91,0.109375,4
1,True,305,0,45,1625,0,0,0.0,4
4,True,77,0,35,770,0,0,0.0,2
3,False,33513,70,35,159,2,91,0.5723270440251572,2
6,True,183,0,26,230,2,100,0.4347826086956521,3
3,True,121,0,55,587,0,0,0.0,3
2,True,23,0,45,1223,0,0,0.0,3
2,True,33,0,148,1149,2,182,0.1583986074847693,3
1,False,130,0,86,5663,5,44,0.0077697333568779,3
1,True,61,0,51,3077,3,147,0.0477738056548586,4
1,True,55,0,84,4327,0,0,0.0,1
3,False,31,0,59,419,0,0,0.0,5
-1,True,3,0,61,655,0,0,0.0,3
-1,True,43,0,42,313,2,37,0.1182108626198083,3
1,True,29,0,86,195,0,0,0.0,4
1,False,270,0,91,5457,2,23,0.0042147700201575,2
2,False,21,0,64,512,0,0,0.0,5
1,False,85,0,43,240,0,0,0.0,5
2,True,775,0,67,1396,5,74,0.0530085959885386,5
-2,False,95,0,55,525,0,0,0.0,2
2,True,51,0,33,501,1,49,0.0978043912175648,1
3,False,91,0,67,1033,0,0,0.0,4
1,False,21,0,75,1290,2,23,0.017829457364341,5
1,True,530,0,45,314,0,0,0.0,2
1,True,83,0,52,1360,5,72,0.0529411764705882,2
2,True,43,0,50,1009,2,67,0.066402378592666,2
1,True,33,0,48,227,0,0,0.0,3
2,True,1041,0,104,854,0,0,0.0,4
-1,True,61,0,50,258,0,0,0.0,3
1,True,670,100,93,571,2,184,0.3222416812609457,1
1,False,575,36,55,3309,3,495,0.1495920217588395,4
13,True,4916,81,39,333,1,26,0.078078078078078,3
1,True,23,0,115,470,2,58,0.1234042553191489,3
87,True,971,0,45,338,0,0,0.0,4
-1,True,327,0,37,706,0,0,0.0,5
9,True,147,0,70,328,0,0,0.0,3
1,False,111,0,30,1012,14,83,0.0820158102766798,4
2,True,1634,43,78,246,1,5,0.0203252032520325,1
4,True,71,0,47,919,7,62,0.0674646354733405,4
1,True,211,0,84,195,0,0,0.0,1
1,False,9,0,122,1799,3,281,0.1561978877153974,4
1,True,0,0,59,1154,4,142,0.1230502599653379,2
1,True,33,0,53,3028,0,0,0.0,2
1,True,159,60,74,2064,0,0,0.0,3
1,True,6096,0,41,327,0,0,0.0,2
1,False,1699,0,141,1672,2,20,0.0119617224880382,4
1,True,61,0,58,1588,0,0,0.0,4
2,True,2246,89,93,4751,6,115,0.0242054304356977,3
3,True,557,100,49,1585,0,0,0.0,4
6,True,1581,69,48,1875,4,135,0.072,4
1,True,822,0,32,1188,0,0,0.0,2
-1,True,25,0,70,504,3,81,0.1607142857142857,4
2,False,21,0,62,1305,8,295,0.2260536398467433,1
2,True,357,0,39,322,0,0,0.0,4
1,True,13,0,105,791,0,0,0.0,4
1,True,4807,66,76,557,3,49,0.0879712746858168,4
1,True,17,0,51,751,0,0,0.0,2
2,True,10049,80,58,1186,6,87,0.0733558178752108,5
2,True,21,0,67,2315,0,0,0.0,5
1,True,107,0,45,269,0,0,0.0,3
-1,True,3,0,71,5342,0,0,0.0,2
4,True,41,0,139,1416,0,0,0.0,4
1,True,350,0,75,891,1,8,0.0089786756453423,5
8,True,121,0,48,183,1,15,0.081967213114754,3
1,True,741,0,27,5359,3,44,0.0082104870311625,2
7,False,6718,0,71,944,4,61,0.0646186440677966,2
1,True,65,0,61,1022,0,0,0.0,3
3,True,35,0,99,330,0,0,0.0,4
1,True,1150,0,45,2790,27,254,0.0910394265232975,4
78,True,5793,0,29,625,2,34,0.0544,2
3,True,191,0,64,373,0,0,0.0,5
1,True,304,62,87,615,1,45,0.073170731707317,5
4,True,257,40,87,352,0,0,0.0,3
-1,True,21,0,40,634,0,0,0.0,2
2,True,1991,12,65,596,3,45,0.0755033557046979,2
4,True,4413,0,46,1285,0,0,0.0,3
5,True,87,0,60,503,1,13,0.025844930417495,3
2,True,143,0,72,861,0,0,0.0,4
1,False,0,0,34,1098,0,0,0.0,2
11,True,7170,52,48,634,1,5,0.0078864353312302,2
2,True,23,0,43,1999,1,62,0.0310155077538769,3
-1,False,7,0,82,1136,0,0,0.0,5
4,False,51,0,56,1210,0,0,0.0,4
2,True,19627,71,61,2160,4,64,0.0296296296296296,4
3,True,567,0,66,1320,6,89,0.0674242424242424,5
3,True,83,0,59,1048,0,0,0.0,5
3,True,31,0,98,2036,0,0,0.0,3
2,False,49695,96,54,621,1,11,0.0177133655394524,3
1,False,19,0,50,671,0,0,0.0,3
9,True,4956,38,56,702,2,15,0.0213675213675213,3
1,False,559,0,31,361,0,0,0.0,3
6,True,111,0,51,18251,0,0,0.0,3
-1,False,127,0,52,350,0,0,0.0,1
1,True,371,71,102,555,6,32,0.0576576576576576,2
1,False,376,0,42,565,4,83,0.1469026548672566,5
1,False,8190,54,68,1336,0,0,0.0,3
1,True,13,0,61,577,0,0,0.0,1
10,True,815,0,90,1670,0,0,0.0,3
1,True,447,0,38,460,0,0,0.0,5
3,False,1156,67,140,695,6,200,0.2877697841726618,5
3,True,1423,57,84,364,0,0,0.0,2
1,True,0,0,63,712,0,0,0.0,3
4,True,43199,69,48,736,2,29,0.0394021739130434,3
3,True,31,0,78,952,0,0,0.0,1
1,True,1056,0,67,100,0,0,0.0,1
-1,True,663,0,63,914,2,35,0.0382932166301969,4
-3,True,11,0,62,294,1,103,0.3503401360544217,3
2,True,31,0,57,898,0,0,0.0,3
1,False,11,0,57,1713,0,0,0.0,4
1,True,13,0,18,1739,0,0,0.0,3
1,True,8011,81,25,849,0,0,0.0,2
-3,False,1293,0,40,377,2,28,0.0742705570291777,4
4,True,2660,80,52,772,1,219,0.2836787564766839,3
3,False,63,0,61,1692,0,0,0.0,5
1,True,1655,0,47,500,3,63,0.126,2
1,False,315,0,116,852,1,64,0.0751173708920187,5
1,True,103,0,46,596,0,0,0.0,4
1,True,123,0,66,423,5,126,0.2978723404255319,3
3,False,574,0,75,938,0,0,0.0,2
-1,True,55,0,57,246,0,0,0.0,2
-1,True,416,0,64,673,11,68,0.101040118870728,1
2,True,60801,56,55,389,11,111,0.2853470437017995,2
5,True,322,0,63,647,2,61,0.0942812982998454,4
2,True,1125,78,45,500,0,0,0.0,3
1,True,1445,0,80,768,0,0,0.0,5
1,True,31,0,37,338,0,0,0.0,4
1,True,31,0,46,468,0,0,0.0,3
25,True,261,0,46,210,0,0,0.0,2
3,True,41,0,55,465,1,55,0.1182795698924731,2
2,True,922,0,72,415,0,0,0.0,3
1,True,115,0,53,5662,17,239,0.0422112327799364,5
4,True,2788,30,33,1503,5,47,0.0312707917498336,2
8,True,2342,85,42,279,0,0,0.0,4
4,True,2141,0,65,571,0,0,0.0,3
1,False,21,0,44,301,1,32,0.1063122923588039,1
7,True,1405,68,50,1907,4,109,0.0571578395385422,4
4,False,1264,0,42,1487,3,81,0.054472091459314,5
1,True,43,0,72,1228,0,0,0.0,2
6,True,878,0,54,611,2,56,0.0916530278232405,5
2,True,23,0,57,467,0,0,0.0,5
4,True,77,0,50,6247,3,62,0.0099247638866656,3
4,True,101,0,56,977,3,66,0.067553735926305,3
1,False,11,0,37,2973,0,0,0.0,5
1,False,91,0,61,706,0,0,0.0,3
1,True,13,0,44,1030,1,88,0.0854368932038835,4
2,True,61,0,37,731,0,0,0.0,2
1,False,1330,60,33,4275,0,0,0.0,4
1,True,43,0,42,362,0,0,0.0,3
1,False,25,0,55,583,0,0,0.0,2
3,True,90,0,66,4133,0,0,0.0,2
1,False,483,0,46,712,0,0,0.0,3
2,True,105036,92,44,478,1,17,0.0355648535564853,2
2,True,53,0,63,860,1,17,0.0197674418604651,1
1,True,6505,48,38,501,0,0,0.0,1
1,False,990,78,27,3017,4,43,0.0142525687769307,1
6,True,369,0,62,1267,9,443,0.3496448303078137,4
-2,True,1,0,106,634,0,0,0.0,1
-1,True,19,0,152,1380,22,46,0.0333333333333333,2
1,True,13,0,50,2270,0,0,0.0,2
1,True,368,0,44,60,0,0,0.0,4
2,True,221,75,64,167,1,24,0.1437125748502994,2
1,True,55,80,62,871,0,0,0.0,3
27,True,23273,0,92,279,6,73,0.2616487455197133,1
4,True,0,0,78,604,0,0,0.0,5
1,True,2485,60,72,352,2,14,0.0397727272727272,2
4,True,431,0,54,533,5,192,0.3602251407129456,4
2,True,71,0,22,278,0,0,0.0,4
1,False,21,0,43,564,1,40,0.0709219858156028,4
1,True,981,0,64,445,5,78,0.1752808988764045,2
-1,True,11,0,42,935,2,21,0.0224598930481283,5
1,True,73,0,50,945,0,0,0.0,5
2,True,10387,0,55,946,0,0,0.0,2
3,True,35817,84,37,1374,2,24,0.0174672489082969,5
1,True,307,0,46,2259,0,0,0.0,1
2,False,1938,50,94,1694,0,0,0.0,4
8,True,7939,0,77,2108,13,175,0.0830170777988614,2
-1,True,5,0,81,2105,0,0,0.0,5
1,True,2825,62,56,8570,4,58,0.0067677946324387,4
2,True,137,0,62,886,0,0,0.0,4
8,True,25703,80,79,1321,26,253,0.1915215745647236,4
6,True,4554,90,32,808,6,123,0.1522277227722772,2
-1,True,1,0,34,641,0,0,0.0,4
1,True,1599,0,63,2771,0,0,0.0,5
1,True,890,73,66,814,4,96,0.1179361179361179,5
1,False,32,0,40,370,0,0,0.0,5
4,True,41,0,133,732,2,233,0.3183060109289617,5
1,True,13,0,47,522,1,101,0.1934865900383141,3
1,True,25651,83,71,287,6,23,0.0801393728222996,5
2,True,547,0,44,433,6,226,0.5219399538106235,5
2,True,256,0,47,330,0,0,0.0,3
1,True,11,0,46,341,1,33,0.0967741935483871,3
1,True,30640,79,85,8583,0,0,0.0,2
3,True,1976,85,51,5797,0,0,0.0,2
-1,True,61,0,65,643,0,0,0.0,2
1,False,4632,0,125,2845,4,67,0.0235500878734622,5
2,False,21,0,47,315,0,0,0.0,2
1,True,17,0,63,295,0,0,0.0,2
8,False,16159,96,32,1447,9,134,0.0926053904630269,2
5,False,567,58,53,1255,6,60,0.047808764940239,3
2,False,1322,33,59,8355,0,0,0.0,3
1,True,111,0,51,730,6,84,0.1150684931506849,2
1,True,43,0,75,2804,5,98,0.0349500713266761,4
2,True,548,0,51,2833,10,123,0.0434168725732439,2
1,True,5167,83,81,222,2,29,0.1306306306306306,5
1,True,761,61,67,275,0,0,0.0,3
1,True,57,0,72,2328,1,19,0.0081615120274914,4
2,True,75,0,61,1094,0,0,0.0,3
2,False,580,0,96,2427,0,0,0.0,5
1,False,31,0,24,2150,0,0,0.0,4
1,False,17049,80,44,103,0,0,0.0,2
6,True,113,0,68,561,0,0,0.0,3
4,True,83,0,64,2171,0,0,0.0,2
30,True,652,0,28,667,0,0,0.0,4
-1,False,549,0,43,648,4,231,0.3564814814814814,4
2,True,429,0,31,818,1,6,0.0073349633251833,5
3,True,919,0,72,1759,7,121,0.06878908470722,4
4,True,1816,53,52,1220,1,12,0.0098360655737704,4
1,False,3362,40,39,784,0,0,0.0,2
2,True,2101,0,57,164,0,0,0.0,3
2,True,21,0,29,398,0,0,0.0,1
2,True,23,0,42,671,0,0,0.0,4
2,True,4571,67,56,556,0,0,0.0,2
2,True,35,0,48,243,2,47,0.1934156378600823,3
1,True,13,0,79,4126,0,0,0.0,2
2,False,493,0,49,1327,0,0,0.0,5
1,True,27,0,119,1108,0,0,0.0,2
4,True,73,0,86,2701,0,0,0.0,5
11,True,517,25,49,1168,1,181,0.1549657534246575,5
3,False,17630,58,59,962,0,0,0.0,3
5,True,115,0,35,772,0,0,0.0,3
1,False,197,0,62,685,1,163,0.237956204379562,1
1,True,385,0,49,403,0,0,0.0,3
8,True,50855,59,61,1494,3,25,0.0167336010709504,1
3,True,155,0,75,535,7,119,0.222429906542056,3
4,True,497,0,50,310,0,0,0.0,4
24,True,392,0,63,482,2,52,0.1078838174273859,5
11,True,8727,100,53,1262,2,20,0.0158478605388272,4
2,True,35055,0,90,506,7,259,0.5118577075098815,5
1,True,11,0,38,718,0,0,0.0,1
10,True,341,25,110,791,0,0,0.0,2
3,True,387,0,37,432,2,23,0.0532407407407407,2
-1,False,1,0,73,242,0,0,0.0,5
1,True,158,0,22,1343,0,0,0.0,4
-1,True,1,0,55,73,0,0,0.0,3
5,True,113,0,32,1065,0,0,0.0,2
-2,True,49,0,44,800,1,19,0.02375,5
2,True,4828,75,58,1942,5,63,0.0324407826982492,3
1,True,55,0,44,1038,0,0,0.0,1
1,True,23589,78,45,2609,51,387,0.1483326945189728,3
5,False,79,0,54,2700,0,0,0.0,4
1,False,161,40,67,261,0,0,0.0,4
2,True,311,0,44,349,0,0,0.0,3
-1,False,283,92,81,1054,0,0,0.0,2
9,True,540,0,36,234,0,0,0.0,2
2,True,156,0,88,688,0,0,0.0,2
1,True,29,0,53,156,0,0,0.0,5
-1,True,1138,0,57,1436,8,138,0.096100278551532,4
1,True,11,0,44,2671,0,0,0.0,3
1,False,163,0,73,565,0,0,0.0,3
1,False,468,75,75,1681,1,65,0.0386674598453301,4
2,True,496,60,47,1376,10,102,0.0741279069767441,4
5,True,1205,0,59,507,0,0,0.0,3
1,True,11,0,59,1368,10,290,0.2119883040935672,3
21,True,1262,0,54,2405,1,36,0.0149688149688149,4
1,True,144,0,76,680,0,0,0.0,3
1,True,15,0,79,470,2,82,0.1744680851063829,5
1,True,3347,51,120,18528,27,471,0.0254209844559585,4
7,True,1559,0,53,8914,7,74,0.0083015481265425,2
1,True,87,0,34,313,0,0,0.0,4
-2,False,1,0,47,303,0,0,0.0,5
3,True,31485,84,39,638,4,80,0.1253918495297805,1
1,False,389,40,57,1390,1,78,0.056115107913669,2
1,True,274,0,61,660,2,54,0.0818181818181818,2
1,False,39,0,75,234,3,9,0.0384615384615384,1
1,True,5584,43,57,205,4,16,0.0780487804878048,1
1,False,1002,69,51,1671,3,58,0.0347097546379413,4
11,True,3680,69,77,484,1,32,0.0661157024793388,2
2,True,1871,61,69,575,0,0,0.0,1
2,False,33,0,67,897,4,106,0.1181716833890746,4
1,True,265,0,76,780,0,0,0.0,3
3,True,268,0,54,1393,5,27,0.0193826274228284,3
1,True,54,0,45,686,0,0,0.0,2
4,True,376,0,30,979,0,0,0.0,3
5,True,9397,39,54,1401,4,107,0.0763740185581727,3
2,False,2587,100,33,2504,9,155,0.0619009584664536,4
7,True,2878,82,46,850,10,70,0.0823529411764705,3
1,True,757,66,67,846,0,0,0.0,3
2,True,51,0,57,3392,0,0,0.0,3
2,True,87,0,102,1295,0,0,0.0,5
1,False,33,0,38,668,0,0,0.0,3
25,True,748,0,50,202,0,0,0.0,1
1,True,1296,0,64,766,0,0,0.0,5
1,True,385,56,36,363,0,0,0.0,3
3,True,180,0,57,706,3,337,0.4773371104815864,5
1,True,97,0,60,179,4,72,0.4022346368715084,3
2,True,31,0,70,520,0,0,0.0,3
-1,True,3,0,107,260,0,0,0.0,3
7,True,949,0,65,454,0,0,0.0,2
1,True,43,0,68,227,0,0,0.0,4
7,True,0,0,44,513,0,0,0.0,2
1,True,49,0,72,530,0,0,0.0,4
1,False,11,0,75,80,0,0,0.0,5
10,True,611,96,32,504,2,36,0.0714285714285714,4
2,False,201,71,54,726,0,0,0.0,3
-1,False,282,0,66,187,0,0,0.0,5
2,True,11409,5,71,83,2,13,0.1566265060240964,1
28,True,1512,0,129,419,0,0,0.0,5
-1,False,1,0,87,404,7,199,0.4925742574257425,2
3,True,412,0,49,458,3,23,0.0502183406113537,5
2,True,2269,0,56,489,0,0,0.0,2
2,False,93,0,97,12394,1,230,0.0185573664676456,3
1,True,11,0,29,540,0,0,0.0,3
1,True,77,0,73,3577,0,0,0.0,4
2,True,1036,78,67,862,1,314,0.3642691415313225,5
1,False,11,0,129,1596,1,179,0.1121553884711779,5
8,True,91,0,70,108,0,0,0.0,3
2,False,57,0,38,841,0,0,0.0,3
2,True,97,0,74,385,0,0,0.0,5
1,False,68,0,64,516,3,27,0.0523255813953488,5
2,True,33,0,132,433,0,0,0.0,4
1,True,303,69,46,734,4,6,0.0081743869209809,5
-1,False,9,0,30,567,0,0,0.0,5
1,True,467,0,51,477,4,204,0.4276729559748428,2
1,False,21,0,42,712,0,0,0.0,3
1,True,1647,35,59,674,0,0,0.0,5
17,True,776,50,44,300,0,0,0.0,3
3,True,31,0,41,3781,0,0,0.0,2
-2,True,878,0,80,2054,0,0,0.0,3
4,True,77,0,49,190,1,11,0.0578947368421052,4
1,False,664,0,55,147,1,17,0.1156462585034013,4
1,False,1052,97,37,637,5,178,0.2794348508634223,2
3,True,143,100,77,1743,2,53,0.0304073436603557,3
8,True,146,0,26,393,0,0,0.0,4
6,True,61,0,94,862,0,0,0.0,1
3,True,5769,0,58,5274,15,211,0.040007584376185,3
2,False,165,0,75,947,0,0,0.0,5
1,True,479,100,63,1000,0,0,0.0,4
13,True,3723,75,57,1152,4,120,0.1041666666666666,2
4,True,81,0,59,530,1,6,0.0113207547169811,1
18,True,583,0,69,17824,2,28,0.0015709156193895,4
1,False,1307,0,48,486,4,139,0.2860082304526748,4
1,False,351,0,65,1060,0,0,0.0,1
2,True,817,71,77,600,0,0,0.0,4
1,True,341,0,54,401,0,0,0.0,2
1,False,3201,30,83,419,0,0,0.0,5
1,True,25537,89,89,1260,8,199,0.1579365079365079,5
-4,True,3,0,75,187,1,7,0.0374331550802139,1
4,True,51,0,67,4104,0,0,0.0,4
1,True,127,0,52,495,0,0,0.0,3
1,True,2847,71,60,483,1,22,0.0455486542443064,2
1,True,5280,50,73,713,3,85,0.1192145862552594,5
1,True,63,0,61,766,0,0,0.0,3
1,True,2677,0,54,2156,0,0,0.0,5
5,True,188,0,60,675,1,13,0.0192592592592592,4
1,True,99,0,86,348,3,87,0.25,3
1,True,15,0,67,213,0,0,0.0,5
1,True,371,25,65,545,1,141,0.2587155963302752,4
1,True,0,0,69,813,0,0,0.0,5
2,True,4843,20,92,678,0,0,0.0,5
1,True,11,0,31,767,0,0,0.0,2
10,True,131,0,34,589,0,0,0.0,3
3,True,103,0,21,154,0,0,0.0,2
4,True,21970,83,87,443,0,0,0.0,5
2,True,0,0,58,5307,0,0,0.0,4
1,False,11,0,68,3424,5,262,0.076518691588785,2
2,True,23,0,47,908,1,106,0.1167400881057268,3
2,False,596,0,74,4212,0,0,0.0,4
1,False,409,0,72,574,0,0,0.0,2
-1,True,173,0,79,1245,0,0,0.0,5
4,True,2722,0,43,1256,6,98,0.0780254777070063,3
2,False,1062,60,91,532,0,0,0.0,2
1,False,11,0,48,192,0,0,0.0,5
6,True,7155,89,104,1764,11,87,0.0493197278911564,5
1,True,763,71,37,966,0,0,0.0,3
31,True,325,0,22,123,0,0,0.0,1
2,True,275,0,61,690,2,36,0.0521739130434782,3
5,True,592,0,41,579,13,478,0.8255613126079447,5
-2,True,1698,67,29,1752,4,41,0.0234018264840182,2
1,True,65,0,121,3320,1,9,0.0027108433734939,5
2,False,29,0,39,1558,0,0,0.0,3
2,False,713,0,63,2430,1,158,0.0650205761316872,2
7,True,107,0,55,1298,1,43,0.0331278890600924,4
-1,True,11,0,48,466,0,0,0.0,3
3,True,3225,41,29,176,0,0,0.0,1
8,True,734,0,66,461,4,27,0.0585683297180043,5
-1,True,11,0,67,7136,0,0,0.0,4
1,True,13,0,47,358,0,0,0.0,4
-5,False,1,0,27,217,0,0,0.0,1
5,True,3101,76,77,588,0,0,0.0,4
1,True,817,0,69,478,4,160,0.3347280334728033,2
2,True,0,0,57,138,0,0,0.0,5
1,True,121,80,76,832,0,0,0.0,3
5,True,240,0,37,1381,0,0,0.0,2
1,True,107,0,94,3814,3,42,0.0110120608285264,3
1,True,11,0,58,3214,1,37,0.0115121344119477,3
1,True,101,0,55,325,2,32,0.0984615384615384,1
1,True,23,0,186,661,0,0,0.0,5
2,True,1219,0,56,647,9,105,0.1622874806800618,2
1,True,2214,59,50,749,1,70,0.0934579439252336,4
2,False,279,0,55,394,3,12,0.0304568527918781,4
9,True,7068,80,44,126,1,8,0.0634920634920634,3
3,True,8374,75,58,1399,2,30,0.0214438884917798,3
1,False,686,0,33,337,1,30,0.0890207715133531,4
-1,False,1,0,68,228,0,0,0.0,1
2,True,51,0,55,7488,3,74,0.0098824786324786,4
2,True,191,67,52,1200,0,0,0.0,4
5,True,61,0,114,482,0,0,0.0,4
2,True,63,0,56,152,0,0,0.0,3
-1,True,1507,0,32,1295,0,0,0.0,5
1,True,65,0,89,363,0,0,0.0,5
1,True,187,89,49,506,3,28,0.0553359683794466,4
15,True,1281,0,107,495,5,203,0.4101010101010101,2
-1,True,1,0,85,754,0,0,0.0,2
1,False,143,0,32,821,0,0,0.0,3
6,True,43,0,43,450,0,0,0.0,5
2,False,167,0,71,3578,4,108,0.0301844605925097,5
25,True,1358,50,61,242,4,37,0.152892561983471,3
3,False,119,0,30,794,0,0,0.0,3
1,False,1917,64,72,747,0,0,0.0,2
1,True,375,0,49,1857,0,0,0.0,3
1,False,173,0,43,883,0,0,0.0,4
1,False,3079,60,57,756,0,0,0.0,4
5,True,53,0,37,799,0,0,0.0,3
1,True,17,0,57,879,2,27,0.030716723549488,3
1,True,13,0,147,1601,4,379,0.2367270455965021,5
2,True,21,0,70,1826,0,0,0.0,4
3,True,1624,0,72,1358,3,98,0.0721649484536082,5
1,True,5334,97,34,1519,0,0,0.0,3
1,True,87,0,57,193,0,0,0.0,2
1,False,33,0,89,1768,6,66,0.0373303167420814,3
-1,False,1,0,78,489,0,0,0.0,2
3,False,31,0,48,160,0,0,0.0,3
1,True,129,0,90,1893,16,160,0.0845219228737453,3
1,True,3768,78,51,2794,0,0,0.0,1
2,True,172,0,53,564,3,109,0.1932624113475177,4
1,False,275,0,59,934,0,0,0.0,3
2,True,35,0,57,664,0,0,0.0,4
1,True,2016,37,52,1306,1,74,0.0566615620214395,2
1,False,29,0,63,1261,1,48,0.0380650277557494,2
1,True,10799,67,29,198,2,33,0.1666666666666666,4
1,True,13,0,43,831,0,0,0.0,3
3,True,1359,100,71,2284,0,0,0.0,5
2,False,10660,93,86,1791,0,0,0.0,1
8,True,2218,81,42,643,0,0,0.0,2
3,True,33,0,36,685,0,0,0.0,3
14,True,312,0,82,2040,0,0,0.0,5
3,True,10127,97,68,210,0,0,0.0,2
4,True,527,20,45,437,0,0,0.0,5
1,False,11,0,34,424,0,0,0.0,3
1,True,359,0,68,8316,0,0,0.0,2
3,True,411,0,86,1518,0,0,0.0,3
5,False,4043,72,46,376,8,114,0.3031914893617021,1
4,True,13885,68,34,76,0,0,0.0,2
15,True,477,0,32,545,5,105,0.1926605504587156,1
3,True,324,0,35,298,2,11,0.0369127516778523,4
4,True,2098,47,52,1440,10,264,0.1833333333333333,5
2,True,2791,56,59,1638,10,70,0.0427350427350427,1
5,True,265,0,58,767,0,0,0.0,2
1,True,2138,100,39,1023,1,14,0.0136852394916911,5
3,True,31,0,81,682,0,0,0.0,4
1,True,29,0,112,399,0,0,0.0,2
2,False,21,0,81,2893,1,16,0.0055305910819218,3
3,False,416,0,56,1079,0,0,0.0,5
1,False,65,0,51,1371,0,0,0.0,4
8,True,2548,50,89,1415,2,18,0.0127208480565371,5
1,True,369,75,55,1630,1,422,0.2588957055214724,5
1,False,21,0,62,909,0,0,0.0,4
1,True,83,0,49,4452,1,24,0.0053908355795148,3
2,True,31899,82,45,635,4,42,0.0661417322834645,4
1,True,11,0,53,940,1,22,0.0234042553191489,1
2,True,43,0,44,458,0,0,0.0,2
2,True,25760,100,37,615,2,69,0.1121951219512195,2
2,True,42,0,58,323,3,19,0.0588235294117647,5
1,True,42076,89,38,2375,10,260,0.1094736842105263,4
-1,False,19,0,44,528,1,84,0.1590909090909091,5
1,True,5610,83,70,307,2,110,0.3583061889250814,4
1,True,13,0,44,1769,0,0,0.0,3
2,False,141,29,104,1086,9,117,0.1077348066298342,5
132,True,2471,0,48,791,3,102,0.1289506953223767,2
3,True,99,0,50,908,2,36,0.039647577092511,3
1,True,186,75,64,394,2,12,0.0304568527918781,2
1,True,1208,46,46,2106,19,193,0.0916429249762583,3
1,True,49,0,37,612,0,0,0.0,2
1,True,19,0,73,260,0,0,0.0,2
1,True,335,0,36,552,0,0,0.0,4
1,True,65,0,46,1082,1,99,0.0914972273567467,5
1,False,31,0,59,403,0,0,0.0,3
-1,True,7,0,78,100,0,0,0.0,1
1,True,91898,96,120,604,0,0,0.0,4
-1,False,9,0,32,869,0,0,0.0,3
4,True,65,0,62,1325,0,0,0.0,3
4,True,1001,0,38,1764,0,0,0.0,3
1,True,603,100,65,1785,21,362,0.2028011204481792,2
1,True,1273,0,71,534,1,10,0.0187265917602996,1
1,True,8011,81,41,837,0,0,0.0,2
1,True,593,0,79,780,0,0,0.0,1
6,True,1308,0,60,410,1,10,0.024390243902439,3
1,True,305,0,46,1407,4,53,0.0376687988628287,3
2,True,139,0,73,5076,0,0,0.0,5
1,False,1791,0,40,460,1,15,0.0326086956521739,4
-1,False,391,0,47,1320,0,0,0.0,5
3,True,36037,80,30,931,6,133,0.1428571428571428,1
7,True,93,0,38,1185,2,31,0.0261603375527426,2
3,True,49,0,147,693,0,0,0.0,5
5,True,51,0,84,216,1,15,0.0694444444444444,3
1,True,37721,73,63,980,2,68,0.0693877551020408,3
1,False,111,0,54,546,5,21,0.0384615384615384,3
2,True,567,0,103,281,0,0,0.0,3
2,True,425,67,27,1264,11,221,0.1748417721518987,3
3,True,31,0,47,315,0,0,0.0,4
1,False,11,0,85,4068,0,0,0.0,5
5,True,23840,0,67,1047,3,31,0.0296084049665711,3
1,False,431,0,48,3468,0,0,0.0,4
-1,False,61,0,71,503,0,0,0.0,5
5,True,2181,0,37,915,3,28,0.0306010928961748,4
3,False,1066,80,27,829,4,139,0.1676718938480096,3
1,True,232,0,48,237,0,0,0.0,3
1,True,87,0,47,988,0,0,0.0,3
5,True,0,0,55,6867,0,0,0.0,5
1,True,2604,81,65,1855,1,16,0.0086253369272237,2
-1,True,101,0,29,523,0,0,0.0,3
1,True,395,68,42,2023,0,0,0.0,4
-1,True,53,0,93,9080,0,0,0.0,4
1,False,11,0,63,3209,1,15,0.0046743533811156,5
1,False,359,0,57,840,0,0,0.0,4
4,True,298,0,39,766,3,41,0.0535248041775456,4
2,False,339,0,28,1599,0,0,0.0,4
1,True,111,0,88,2151,0,0,0.0,2
2,True,384,0,24,442,1,9,0.0203619909502262,5
1,True,37904,66,83,387,1,10,0.0258397932816537,4
4,True,41,0,44,1534,11,165,0.1075619295958279,3
2,False,21,0,121,2088,0,0,0.0,3
1,False,19,0,55,7790,14,182,0.0233632862644415,3
1,True,14543,74,55,493,1,13,0.0263691683569979,1
7,True,4827,77,85,96,0,0,0.0,4
3,True,4850,65,53,496,1,9,0.0181451612903225,1
1,True,11,0,42,342,0,0,0.0,3
-2,True,1,0,43,1532,0,0,0.0,2
1,True,289,0,51,2427,0,0,0.0,1
1,False,21,0,36,792,1,15,0.0189393939393939,4
9,True,691,100,85,750,0,0,0.0,2
1,False,691,41,34,3313,0,0,0.0,1
1,True,546,0,61,1740,0,0,0.0,2
1,True,21,0,85,1509,0,0,0.0,3
1,True,43,0,80,791,0,0,0.0,3
-4,False,1,0,26,521,0,0,0.0,3
5,True,419,0,58,514,0,0,0.0,2
5,True,2280,100,102,1605,2,75,0.0467289719626168,3
1,False,3070,55,69,411,0,0,0.0,2
2,False,31,0,58,2081,2,49,0.0235463719365689,4
1,True,151,0,54,137,0,0,0.0,3
1,True,0,0,47,395,0,0,0.0,3
1,False,43,0,39,835,0,0,0.0,1
1,True,4235,46,51,487,2,6,0.0123203285420944,4
1,False,13,0,53,1104,0,0,0.0,4
2,True,369,0,62,1856,4,84,0.0452586206896551,4
1,True,3837,89,66,433,0,0,0.0,4
8,True,129,0,88,1391,0,0,0.0,4
1,False,107,0,62,4354,2,90,0.0206706476802939,2
1,True,127,0,45,725,1,12,0.016551724137931,4
2,True,567,0,55,1929,0,0,0.0,3
1,False,101664,76,74,1085,2,8,0.0073732718894009,2
1,False,311,0,36,1287,1,35,0.0271950271950271,4
2,True,12422,67,110,599,0,0,0.0,3
2,True,208,0,49,1198,6,103,0.0859766277128547,5
1,True,630,0,74,733,3,4,0.0054570259208731,5
1,True,0,0,69,2142,2,41,0.019140989729225,2
1,False,3943,43,124,2774,3,822,0.2963229992790194,5
1,False,11,0,35,822,4,216,0.2627737226277372,3
1,True,31,0,72,3724,2,124,0.033297529538131,5
13,True,206127,67,51,219,5,51,0.2328767123287671,3
5,True,390,0,48,886,2,50,0.0564334085778781,1
1,True,71,0,50,585,12,238,0.4068376068376068,5
1,False,11,0,42,695,0,0,0.0,4
3,True,2409,57,54,4097,5,177,0.043202343177935,4
3,True,31,0,112,1311,0,0,0.0,2
4,True,63,0,67,105,0,0,0.0,1
6,True,9211,86,166,14671,106,1894,0.1290982209801649,2
5,False,105036,92,56,481,5,105,0.2182952182952183,2
3,True,31,0,57,1083,0,0,0.0,1
-1,True,11,0,87,2370,0,0,0.0,5
3,True,972,0,54,366,9,137,0.3743169398907104,3
1,False,0,0,96,2793,0,0,0.0,3
2,True,9229,67,68,1320,3,78,0.059090909090909,5
1,True,7089,86,76,1191,2,29,0.0243492863140218,3
3,True,15522,86,31,327,2,13,0.0397553516819571,3
1,True,59,0,53,471,1,40,0.0849256900212314,1
7,True,547,0,57,1321,9,74,0.0560181680545041,4
12,True,507,0,57,585,1,135,0.2307692307692307,5
11,True,299,0,94,1340,4,152,0.1134328358208955,2
1,True,1439,0,59,1884,10,92,0.048832271762208,3
1,True,159,0,76,312,2,116,0.3717948717948718,3
3,True,65,0,72,1012,1,55,0.0543478260869565,2
-1,False,1,0,28,464,0,0,0.0,2
13,True,3622,62,100,1805,1,16,0.0088642659279778,3
-1,False,1,0,51,563,0,0,0.0,4
1,False,11,0,65,1170,1,13,0.0111111111111111,5
2,True,3620,56,42,2038,0,0,0.0,2
15,True,6036,97,94,428,2,81,0.1892523364485981,3
1,False,13,0,31,332,0,0,0.0,1
2,False,261,0,89,942,2,85,0.0902335456475583,4
66,True,1489,0,79,760,9,116,0.1526315789473684,5
3,True,224,0,61,1304,0,0,0.0,2
1,True,11,0,27,876,0,0,0.0,3
1,False,507,0,43,765,0,0,0.0,3
2,True,31,0,55,632,1,17,0.0268987341772151,3
3,False,800,54,68,1439,0,0,0.0,4
1,True,588,0,71,947,0,0,0.0,5
3,False,1926,36,65,1847,1,22,0.0119112073632918,3
3,True,558,38,63,163,3,47,0.2883435582822086,2
-1,False,175,0,117,385,0,0,0.0,4
2,True,23,0,78,402,1,10,0.0248756218905472,3
1,True,129,0,101,1710,0,0,0.0,5
1,False,89,0,50,2667,0,0,0.0,5
