title_len,body_length,num_codeblocks,len_codeblocks,code/text,num_tags,good_score
38,252,1,7,0.0277777777777777,4,True
45,383,5,140,0.3655352480417754,3,True
79,1321,26,253,0.1915215745647236,4,True
36,1492,6,78,0.0522788203753351,4,True
37,1076,2,49,0.045539033457249,5,True
136,5001,0,0,0.0,4,True
38,668,0,0,0.0,3,True
41,449,0,0,0.0,3,True
52,1482,0,0,0.0,3,True
50,101,1,7,0.0693069306930693,1,False
29,398,0,0,0.0,1,True
51,326,3,58,0.1779141104294478,1,True
54,621,1,11,0.0177133655394524,3,True
82,687,0,0,0.0,5,True
41,641,1,17,0.0265210608424337,1,True
65,1170,1,13,0.0111111111111111,5,True
54,1992,0,0,0.0,5,True
65,1636,1,243,0.1485330073349633,5,True
67,280,1,6,0.0214285714285714,2,True
86,136,1,68,0.5,2,True
48,323,3,55,0.1702786377708978,1,True
65,935,0,0,0.0,1,True
46,571,0,0,0.0,3,True
33,337,1,30,0.0890207715133531,4,True
96,1196,5,102,0.0852842809364548,1,True
72,214,0,0,0.0,4,True
52,1980,0,0,0.0,1,True
88,215,0,0,0.0,2,True
77,708,0,0,0.0,4,True
90,1893,16,160,0.0845219228737453,3,True
52,59,0,0,0.0,2,True
58,677,0,0,0.0,1,True
43,1570,0,0,0.0,3,True
55,220,1,7,0.0318181818181818,4,True
69,917,0,0,0.0,5,True
41,205,0,0,0.0,3,True
72,747,0,0,0.0,2,True
55,1323,4,98,0.074074074074074,5,True
43,240,0,0,0.0,5,True
45,395,2,26,0.0658227848101265,3,True
64,1079,4,59,0.0546802594995366,1,True
79,1811,1,710,0.3920485919381557,5,False
74,320,0,0,0.0,2,True
55,493,1,13,0.0263691683569979,1,True
36,525,0,0,0.0,2,True
38,855,0,0,0.0,3,True
65,475,0,0,0.0,3,True
21,154,0,0,0.0,2,True
38,1255,5,113,0.0900398406374502,5,True
34,474,0,0,0.0,3,True
32,545,5,105,0.1926605504587156,1,True
68,227,0,0,0.0,4,True
71,459,9,56,0.1220043572984749,5,True
135,655,2,38,0.0580152671755725,5,True
54,2156,0,0,0.0,5,True
25,861,2,12,0.0139372822299651,2,True
35,1184,6,79,0.0667229729729729,1,True
108,1374,1,39,0.0283842794759825,5,True
118,1261,0,0,0.0,4,True
40,383,1,158,0.412532637075718,2,True
26,398,1,149,0.3743718592964824,1,True
58,323,3,19,0.0588235294117647,5,True
37,9709,0,0,0.0,4,True
34,2406,0,0,0.0,4,True
48,5903,1,38,0.0064374047094697,3,True
45,269,0,0,0.0,3,True
127,782,6,179,0.2289002557544757,5,True
48,1138,2,12,0.0105448154657293,3,True
89,380,0,0,0.0,1,True
106,360,0,0,0.0,4,True
60,1176,0,0,0.0,2,True
77,1002,0,0,0.0,5,True
92,957,1,13,0.0135841170323928,3,True
165,908,2,92,0.1013215859030837,3,True
41,1638,0,0,0.0,4,True
68,1284,5,98,0.0763239875389408,5,True
62,473,0,0,0.0,4,True
49,1857,0,0,0.0,3,True
99,264,0,0,0.0,1,True
71,2595,0,0,0.0,2,True
42,341,4,107,0.313782991202346,2,True
65,490,0,0,0.0,2,True
74,1204,9,153,0.1270764119601329,2,True
93,598,0,0,0.0,3,True
57,467,0,0,0.0,5,True
41,231,0,0,0.0,4,False
28,134,1,3,0.0223880597014925,1,True
46,2796,0,0,0.0,2,False
38,663,0,0,0.0,4,True
47,421,1,39,0.0926365795724465,2,True
57,212,0,0,0.0,4,False
45,782,0,0,0.0,2,True
57,832,0,0,0.0,5,True
50,864,0,0,0.0,3,True
70,2468,2,121,0.0490275526742301,5,True
69,2165,0,0,0.0,3,True
77,6704,1,15,0.0022374701670644,5,True
70,389,0,0,0.0,4,True
90,314,2,39,0.1242038216560509,2,True
80,2048,0,0,0.0,2,True
93,9080,0,0,0.0,4,False
65,545,1,141,0.2587155963302752,4,True
59,4094,0,0,0.0,5,True
54,4180,0,0,0.0,4,False
51,1526,6,98,0.0642201834862385,5,True
52,250,0,0,0.0,1,True
71,1079,2,14,0.0129749768303985,3,True
42,416,0,0,0.0,1,False
39,337,3,155,0.4599406528189911,3,True
47,776,5,29,0.0373711340206185,1,True
31,1608,2,18,0.0111940298507462,4,True
98,706,0,0,0.0,5,True
98,3834,2,12,0.0031298904538341,4,True
56,401,1,23,0.0573566084788029,2,True
56,1079,0,0,0.0,5,True
48,240,0,0,0.0,2,True
84,326,1,33,0.1012269938650306,3,True
49,841,0,0,0.0,3,False
102,555,6,32,0.0576576576576576,2,True
61,432,2,57,0.1319444444444444,4,True
94,1340,4,152,0.1134328358208955,2,True
96,727,2,18,0.0247592847317744,5,True
32,256,1,92,0.359375,4,True
78,1419,1,79,0.0556730091613812,3,True
43,907,1,73,0.0804851157662624,3,True
47,2334,1,35,0.0149957155098543,3,True
102,1295,0,0,0.0,5,True
53,933,0,0,0.0,5,True
115,1337,0,0,0.0,5,True
46,850,10,70,0.0823529411764705,3,True
50,2729,0,0,0.0,5,True
67,3547,4,78,0.0219904144347335,2,True
68,1336,0,0,0.0,3,True
48,545,0,0,0.0,4,True
69,411,0,0,0.0,2,True
48,274,4,30,0.1094890510948905,5,True
57,1241,0,0,0.0,1,True
78,840,0,0,0.0,5,True
57,713,0,0,0.0,2,True
80,3100,0,0,0.0,4,True
55,541,0,0,0.0,2,True
35,1071,1,30,0.0280112044817927,3,True
69,809,2,67,0.0828182941903584,5,True
30,198,0,0,0.0,1,True
51,1032,11,433,0.4195736434108527,1,True
68,373,0,0,0.0,2,True
77,375,7,118,0.3146666666666666,1,True
49,471,3,92,0.1953290870488322,5,True
58,1167,0,0,0.0,2,True
41,589,0,0,0.0,5,True
80,138,0,0,0.0,5,False
64,167,1,24,0.1437125748502994,2,True
38,718,0,0,0.0,1,True
39,1337,2,106,0.0792819745699326,2,True
63,1108,0,0,0.0,3,True
60,602,0,0,0.0,2,True
66,160,1,24,0.15,3,True
46,119,1,9,0.0756302521008403,2,True
60,336,0,0,0.0,4,True
68,510,1,14,0.0274509803921568,3,True
57,8152,19,329,0.0403581943081452,5,True
60,549,0,0,0.0,2,False
64,2366,2,332,0.1403212172442941,5,True
123,501,4,122,0.2435129740518962,3,True
102,5800,0,0,0.0,4,True
48,126,0,0,0.0,1,True
53,789,3,77,0.0975918884664131,5,True
89,1086,1,21,0.0193370165745856,3,True
84,1727,0,0,0.0,5,True
48,886,4,29,0.0327313769751693,4,True
55,3309,3,495,0.1495920217588395,4,True
67,856,0,0,0.0,4,True
61,408,1,104,0.2549019607843137,4,True
95,1001,0,0,0.0,2,True
95,792,0,0,0.0,3,False
74,2064,0,0,0.0,3,True
71,2262,30,528,0.2334217506631299,3,True
63,655,0,0,0.0,4,True
53,469,1,23,0.0490405117270788,4,True
79,4126,0,0,0.0,2,True
38,8609,2,61,0.0070856080845626,3,True
57,706,3,337,0.4773371104815864,5,True
58,254,0,0,0.0,3,True
38,644,0,0,0.0,3,True
97,647,0,0,0.0,2,False
41,197,0,0,0.0,3,True
43,1026,7,89,0.0867446393762183,4,True
63,96,0,0,0.0,4,True
141,9737,1,5,0.0005135051864023,3,True
53,1615,6,148,0.091640866873065,3,True
28,701,1,135,0.1925820256776034,3,True
50,1083,1,10,0.0092336103416435,3,True
69,1789,8,54,0.0301844605925097,3,True
36,1008,9,140,0.1388888888888889,2,True
105,1444,1,23,0.0159279778393351,2,True
41,461,0,0,0.0,4,False
41,210,1,59,0.2809523809523809,2,True
46,1407,4,53,0.0376687988628287,3,True
73,5076,0,0,0.0,5,True
54,891,1,42,0.0471380471380471,3,True
27,829,4,139,0.1676718938480096,3,True
34,641,0,0,0.0,4,False
77,344,0,0,0.0,2,True
22,655,4,86,0.1312977099236641,4,True
50,904,1,31,0.03429203539823,5,True
68,490,1,68,0.1387755102040816,3,True
50,574,1,6,0.0104529616724738,1,True
48,183,1,15,0.081967213114754,3,True
44,1224,0,0,0.0,5,True
47,316,0,0,0.0,3,True
103,5470,0,0,0.0,2,False
78,780,2,10,0.0128205128205128,4,True
39,1417,10,72,0.0508115737473535,4,True
49,1377,2,56,0.0406681190994916,3,True
83,759,0,0,0.0,5,True
80,1282,6,32,0.0249609984399376,3,True
102,194,0,0,0.0,2,True
131,774,0,0,0.0,3,True
80,495,0,0,0.0,5,True
40,330,0,0,0.0,3,False
63,315,0,0,0.0,5,False
48,794,3,46,0.0579345088161209,3,True
45,434,1,125,0.2880184331797235,3,True
71,1235,0,0,0.0,2,True
36,727,5,132,0.1815680880330124,2,True
39,1173,3,21,0.0179028132992327,3,True
67,342,1,70,0.2046783625730994,3,True
35,2663,2,143,0.0536988358993616,3,True
38,1156,0,0,0.0,5,False
129,4654,8,446,0.095831542758917,5,False
38,1375,7,28,0.0203636363636363,2,True
43,642,0,0,0.0,4,True
50,2647,0,0,0.0,2,True
67,2444,0,0,0.0,5,True
75,702,7,255,0.3632478632478632,3,False
37,1065,3,28,0.0262910798122065,3,True
55,1117,2,128,0.1145926589077887,4,True
40,276,4,105,0.3804347826086957,5,True
85,8583,0,0,0.0,2,True
61,1360,3,28,0.0205882352941176,4,True
41,520,0,0,0.0,3,True
74,2923,2,524,0.1792678754704071,5,True
58,14042,2,158,0.0112519584104828,4,True
46,264,0,0,0.0,3,False
61,568,1,30,0.0528169014084507,2,True
48,2498,1,51,0.0204163330664531,5,True
35,1080,1,54,0.05,2,True
43,1932,0,0,0.0,5,True
38,1697,1,45,0.0265173836181496,4,True
67,784,4,194,0.2474489795918367,4,True
62,1450,0,0,0.0,4,True
47,1511,3,51,0.0337524818001323,3,True
103,726,1,221,0.3044077134986226,3,False
92,678,0,0,0.0,5,True
63,1000,0,0,0.0,4,True
30,1135,1,165,0.145374449339207,1,True
85,1509,0,0,0.0,3,True
77,513,1,13,0.0253411306042884,4,True
53,517,0,0,0.0,5,True
75,183,0,0,0.0,3,False
98,3170,1,103,0.0324921135646687,5,True
75,2804,5,98,0.0349500713266761,4,True
24,1791,7,77,0.0429927414852037,5,True
62,871,0,0,0.0,3,True
48,739,2,188,0.2543978349120433,5,True
154,17360,2,34,0.0019585253456221,3,True
33,264,1,84,0.3181818181818182,1,False
77,213,0,0,0.0,1,False
62,343,2,50,0.1457725947521866,3,False
64,1090,0,0,0.0,5,True
46,509,5,100,0.1964636542239685,4,True
43,188,2,55,0.2925531914893617,3,True
66,3694,7,77,0.0208446128857606,4,True
19,705,0,0,0.0,5,True
37,308,0,0,0.0,3,True
59,556,3,69,0.1241007194244604,1,True
75,1153,0,0,0.0,3,True
22,322,3,170,0.5279503105590062,3,True
79,470,2,82,0.1744680851063829,5,True
59,797,0,0,0.0,3,True
125,1098,8,51,0.0464480874316939,3,True
67,699,0,0,0.0,1,True
61,342,3,87,0.2543859649122807,4,True
64,394,2,12,0.0304568527918781,2,True
66,1320,6,89,0.0674242424242424,5,True
41,385,1,5,0.0129870129870129,2,True
41,1234,0,0,0.0,1,True
80,75,0,0,0.0,2,False
59,260,0,0,0.0,2,True
78,815,0,0,0.0,2,True
81,1299,1,60,0.046189376443418,5,True
72,352,2,14,0.0397727272727272,2,True
60,672,2,106,0.1577380952380952,3,True
70,1261,1,24,0.0190325138778747,4,True
50,995,0,0,0.0,2,True
64,2558,0,0,0.0,3,True
110,430,0,0,0.0,4,True
78,1197,0,0,0.0,4,True
63,6517,2,22,0.0033757864047874,4,True
49,780,2,73,0.0935897435897435,2,False
69,627,0,0,0.0,3,True
65,3061,4,55,0.01796798431885,5,True
64,3040,0,0,0.0,5,True
55,401,2,16,0.0399002493765586,2,True
107,170,0,0,0.0,2,True
46,1082,1,99,0.0914972273567467,5,True
78,1863,3,152,0.0815888352120236,5,True
25,277,0,0,0.0,4,True
66,375,0,0,0.0,3,True
85,96,0,0,0.0,4,True
44,458,0,0,0.0,2,True
69,3171,2,16,0.0050457269000315,5,True
152,1380,22,46,0.0333333333333333,2,False
71,1910,4,49,0.0256544502617801,3,True
75,549,3,38,0.0692167577413479,3,True
59,286,0,0,0.0,3,False
41,1016,2,15,0.014763779527559,4,True
69,1226,0,0,0.0,3,True
43,1283,0,0,0.0,5,True
54,906,0,0,0.0,2,True
45,500,0,0,0.0,3,True
47,2483,11,101,0.0406766008860249,3,True
53,8914,7,74,0.0083015481265425,2,True
51,1371,0,0,0.0,4,True
51,726,0,0,0.0,2,True
130,642,2,72,0.1121495327102803,5,True
65,291,0,0,0.0,4,True
150,1154,2,37,0.0320623916811091,2,True
64,463,3,70,0.1511879049676026,3,True
113,4193,2,27,0.0064393036012401,1,True
32,3825,0,0,0.0,3,True
60,886,0,0,0.0,3,True
40,377,2,28,0.0742705570291777,4,False
47,2266,4,80,0.0353045013239188,1,False
44,721,3,114,0.1581137309292649,2,True
59,193,0,0,0.0,3,True
73,2077,0,0,0.0,5,True
43,778,4,65,0.0835475578406169,2,True
40,1848,0,0,0.0,2,True
158,1335,0,0,0.0,5,True
88,154,0,0,0.0,2,True
46,1225,3,123,0.1004081632653061,4,True
45,440,1,71,0.1613636363636363,3,True
47,1451,0,0,0.0,4,True
35,3238,7,656,0.2025941939468808,4,True
65,1440,3,45,0.03125,5,True
57,205,4,16,0.0780487804878048,1,True
96,2793,0,0,0.0,3,True
64,1244,0,0,0.0,3,True
65,401,1,23,0.0573566084788029,4,True
61,824,3,122,0.1480582524271844,3,True
66,512,2,187,0.365234375,4,True
70,366,0,0,0.0,2,True
106,1373,0,0,0.0,3,True
41,299,1,5,0.0167224080267558,3,True
51,1523,0,0,0.0,4,True
67,7136,0,0,0.0,4,False
53,70,0,0,0.0,3,False
44,1769,0,0,0.0,3,True
63,2066,9,137,0.0663117134559535,4,True
66,1494,0,0,0.0,5,True
50,1092,0,0,0.0,5,True
57,771,2,166,0.2153047989623865,2,True
54,926,0,0,0.0,4,True
66,576,6,93,0.1614583333333333,2,True
30,1012,14,83,0.0820158102766798,4,True
58,740,1,7,0.0094594594594594,3,True
32,1188,0,0,0.0,2,True
81,2529,4,38,0.015025701858442,4,True
50,1244,3,93,0.0747588424437299,5,True
67,897,4,106,0.1181716833890746,4,True
81,1004,1,21,0.0209163346613545,3,True
88,2229,1,15,0.0067294751009421,4,True
46,341,1,33,0.0967741935483871,3,True
61,150,0,0,0.0,3,False
129,1596,1,179,0.1121553884711779,5,True
45,1538,0,0,0.0,4,True
69,17824,2,28,0.0015709156193895,4,True
56,746,6,60,0.0804289544235924,2,True
71,2745,0,0,0.0,3,True
35,901,1,95,0.1054384017758046,4,True
44,478,1,17,0.0355648535564853,2,True
47,315,0,0,0.0,2,True
83,461,4,79,0.1713665943600867,3,True
46,565,3,83,0.1469026548672566,2,False
44,335,5,28,0.0835820895522388,2,True
137,1074,3,34,0.031657355679702,4,True
110,2487,0,0,0.0,5,False
97,1075,1,15,0.013953488372093,3,True
69,1218,0,0,0.0,5,True
67,469,0,0,0.0,3,True
121,3320,1,9,0.0027108433734939,5,True
54,1426,2,46,0.032258064516129,5,True
81,682,0,0,0.0,4,True
77,734,5,99,0.1348773841961852,1,True
66,4133,0,0,0.0,2,True
31,549,0,0,0.0,2,True
128,1497,0,0,0.0,3,True
73,1420,5,55,0.0387323943661971,3,True
35,3164,0,0,0.0,4,False
47,500,3,63,0.126,2,True
59,667,1,7,0.0104947526236881,3,True
80,2054,0,0,0.0,3,False
62,1695,13,400,0.2359882005899705,2,True
55,325,2,32,0.0984615384615384,1,True
71,2284,0,0,0.0,5,True
51,5797,0,0,0.0,2,True
50,945,0,0,0.0,5,True
76,753,0,0,0.0,5,True
49,771,0,0,0.0,4,True
56,2215,0,0,0.0,2,True
68,4206,0,0,0.0,5,True
71,701,0,0,0.0,2,True
54,1401,4,107,0.0763740185581727,3,True
52,1485,3,27,0.0181818181818181,5,True
27,4052,0,0,0.0,3,False
48,227,0,0,0.0,3,True
41,5558,2,44,0.0079165167326376,5,True
124,256,0,0,0.0,5,True
120,1428,3,60,0.042016806722689,3,True
54,281,0,0,0.0,3,True
68,615,0,0,0.0,4,True
88,1322,0,0,0.0,4,True
41,1212,3,60,0.0495049504950495,1,True
91,556,2,280,0.5035971223021583,2,True
69,1828,1,45,0.024617067833698,4,True
18,133,2,51,0.3834586466165413,3,False
34,2906,0,0,0.0,2,True
56,2394,3,98,0.0409356725146198,4,True
102,9208,0,0,0.0,5,True
50,650,5,38,0.0584615384615384,3,True
94,923,2,44,0.0476706392199349,3,True
61,478,0,0,0.0,2,True
78,764,7,132,0.1727748691099476,2,True
78,879,0,0,0.0,4,True
48,673,0,0,0.0,5,True
30,1682,2,70,0.0416171224732461,3,True
25,769,20,130,0.1690507152145643,2,True
83,549,0,0,0.0,4,True
51,462,0,0,0.0,3,True
37,200,0,0,0.0,3,False
148,1399,4,98,0.0700500357398141,2,False
62,697,10,65,0.0932568149210903,5,True
97,1428,0,0,0.0,5,True
77,878,2,65,0.0740318906605922,3,True
51,151,1,18,0.119205298013245,2,True
72,3724,2,124,0.033297529538131,5,True
126,373,2,24,0.064343163538874,4,True
62,1656,2,27,0.0163043478260869,1,True
38,412,0,0,0.0,4,False
42,230,0,0,0.0,5,True
63,980,2,68,0.0693877551020408,3,True
51,2029,0,0,0.0,3,True
52,367,0,0,0.0,1,True
70,779,0,0,0.0,3,True
41,1038,0,0,0.0,1,True
90,506,7,259,0.5118577075098815,5,True
45,225,0,0,0.0,4,True
52,159,0,0,0.0,2,True
40,738,0,0,0.0,5,True
61,1722,5,56,0.032520325203252,5,True
73,1290,0,0,0.0,3,True
68,1256,6,272,0.2165605095541401,4,True
50,965,13,308,0.3191709844559585,5,True
79,1245,0,0,0.0,5,False
62,1856,4,84,0.0452586206896551,4,True
100,550,1,13,0.0236363636363636,5,True
42,2038,0,0,0.0,2,True
78,5014,0,0,0.0,3,True
77,546,1,1,0.0018315018315018,4,True
55,389,11,111,0.2853470437017995,2,True
82,684,1,67,0.097953216374269,3,True
44,433,6,226,0.5219399538106235,5,True
88,1248,0,0,0.0,2,True
52,394,2,108,0.2741116751269035,2,False
51,3613,1,104,0.0287849432604483,5,True
86,5077,0,0,0.0,5,True
50,407,0,0,0.0,5,True
49,1345,0,0,0.0,4,True
72,118,2,20,0.1694915254237288,2,True
64,673,11,68,0.101040118870728,1,False
33,4275,0,0,0.0,4,True
125,1981,0,0,0.0,5,True
99,1107,8,200,0.1806684733514001,5,True
54,2405,1,36,0.0149688149688149,4,True
42,671,0,0,0.0,4,True
35,822,4,216,0.2627737226277372,3,True
54,1910,0,0,0.0,3,True
67,846,0,0,0.0,3,True
48,356,0,0,0.0,2,True
107,858,8,129,0.1503496503496503,5,True
38,1185,2,31,0.0261603375527426,2,True
37,1163,5,41,0.0352536543422184,3,True
48,481,0,0,0.0,5,True
23,1551,0,0,0.0,3,True
48,3087,6,243,0.0787172011661807,2,True
43,648,4,231,0.3564814814814814,4,False
125,2845,4,67,0.0235500878734622,5,True
58,1260,1,20,0.0158730158730158,4,True
61,1074,3,32,0.0297951582867784,4,True
47,395,0,0,0.0,3,True
40,752,0,0,0.0,1,True
53,986,0,0,0.0,2,True
106,988,6,81,0.0819838056680161,3,True
147,1601,4,379,0.2367270455965021,5,True
86,3363,1,86,0.0255724055902468,3,True
87,2370,0,0,0.0,5,False
36,4045,0,0,0.0,3,False
50,1009,2,67,0.066402378592666,2,True
59,3595,0,0,0.0,4,True
36,371,1,12,0.0323450134770889,5,True
99,811,0,0,0.0,4,True
47,1682,7,52,0.0309155766944114,1,True
38,1863,0,0,0.0,4,False
149,1610,5,65,0.0403726708074534,5,True
86,1791,0,0,0.0,1,True
90,762,0,0,0.0,4,True
79,2169,11,190,0.0875979714153988,5,True
75,1290,2,23,0.017829457364341,5,True
61,539,0,0,0.0,3,True
78,303,0,0,0.0,2,True
88,280,0,0,0.0,4,True
25,682,0,0,0.0,2,True
94,3814,3,42,0.0110120608285264,3,True
45,4711,0,0,0.0,4,False
60,409,0,0,0.0,3,True
46,931,0,0,0.0,3,True
120,2282,0,0,0.0,4,True
37,875,1,19,0.0217142857142857,3,True
46,742,0,0,0.0,5,True
38,1764,0,0,0.0,3,True
37,520,2,136,0.2615384615384615,5,False
111,5613,2,29,0.0051665775877427,5,True
97,1247,2,38,0.0304731355252606,3,True
44,584,0,0,0.0,4,True
43,1118,0,0,0.0,1,True
56,674,0,0,0.0,5,True
59,2745,6,65,0.02367941712204,5,True
62,1306,0,0,0.0,4,True
48,486,4,139,0.2860082304526748,4,True
95,738,0,0,0.0,1,True
71,933,0,0,0.0,2,True
51,219,5,51,0.2328767123287671,3,True
53,731,1,34,0.0465116279069767,3,True
32,1011,0,0,0.0,5,True
54,281,1,9,0.0320284697508896,3,True
64,797,0,0,0.0,2,True
113,1114,2,45,0.0403949730700179,4,True
81,351,0,0,0.0,3,True
61,1287,0,0,0.0,4,True
72,574,0,0,0.0,2,True
48,1820,2,8,0.0043956043956043,4,True
56,546,0,0,0.0,3,True
43,72,0,0,0.0,2,True
77,1089,0,0,0.0,5,True
106,634,0,0,0.0,1,False
16,277,0,0,0.0,2,True
32,504,2,36,0.0714285714285714,4,True
54,361,0,0,0.0,3,False
53,1653,3,323,0.1954022988505747,4,True
62,886,0,0,0.0,4,True
118,1072,3,88,0.0820895522388059,4,True
36,1287,1,35,0.0271950271950271,4,True
34,4089,0,0,0.0,5,True
73,720,0,0,0.0,3,True
131,473,6,96,0.2029598308668076,1,True
137,7092,1,49,0.0069091934574168,2,True
56,231,0,0,0.0,2,True
124,4645,0,0,0.0,4,True
96,1833,3,14,0.0076377523186033,5,True
114,7182,4,83,0.0115566694514062,5,True
66,560,0,0,0.0,4,True
47,298,0,0,0.0,5,True
46,116,0,0,0.0,3,True
141,2072,0,0,0.0,4,True
68,1018,6,155,0.1522593320235756,3,True
23,1475,5,111,0.0752542372881355,3,True
53,1403,0,0,0.0,4,True
32,689,2,137,0.1988388969521045,2,True
63,647,2,61,0.0942812982998454,4,True
42,279,0,0,0.0,4,True
67,1522,13,140,0.0919842312746386,3,True
31,485,0,0,0.0,5,True
35,4562,0,0,0.0,5,True
48,2456,1,237,0.0964983713355048,5,True
86,712,1,8,0.0112359550561797,3,True
84,1189,1,37,0.0311185870479394,3,True
137,1039,1,348,0.3349374398460057,3,True
49,1142,7,65,0.0569176882661996,4,True
64,1016,4,90,0.0885826771653543,4,True
56,1140,5,266,0.2333333333333333,3,True
73,1596,0,0,0.0,5,True
85,1020,0,0,0.0,3,True
47,213,1,25,0.1173708920187793,1,True
80,1374,0,0,0.0,4,True
88,879,3,44,0.0500568828213879,1,False
103,481,2,15,0.0311850311850311,3,True
80,655,0,0,0.0,2,True
166,14671,106,1894,0.1290982209801649,2,True
42,1370,3,77,0.0562043795620437,2,True
52,1341,2,12,0.0089485458612975,2,True
83,921,0,0,0.0,3,True
43,2389,0,0,0.0,2,False
38,794,2,77,0.096977329974811,3,True
34,425,1,25,0.0588235294117647,2,True
34,8933,1,47,0.0052613903503862,2,True
51,159,1,90,0.5660377358490566,3,True
121,2088,0,0,0.0,3,True
85,711,0,0,0.0,3,True
51,1580,27,345,0.2183544303797468,5,True
148,1149,2,182,0.1583986074847693,3,True
59,403,0,0,0.0,3,True
48,375,0,0,0.0,3,True
107,1042,0,0,0.0,3,True
53,1255,6,60,0.047808764940239,3,True
125,797,0,0,0.0,5,True
41,1119,3,260,0.2323503127792672,4,True
149,1058,1,14,0.0132325141776937,4,True
58,660,1,3,0.0045454545454545,4,True
59,496,0,0,0.0,2,True
80,470,1,104,0.2212765957446808,3,True
55,525,0,0,0.0,2,False
79,7900,0,0,0.0,5,True
82,3921,3,54,0.0137719969395562,4,True
32,1214,0,0,0.0,2,False
71,946,2,14,0.014799154334038,2,True
64,2910,0,0,0.0,2,True
59,650,1,3,0.0046153846153846,2,True
33,638,6,35,0.054858934169279,4,True
45,364,1,30,0.0824175824175824,3,True
67,2128,1,7,0.0032894736842105,4,True
64,427,0,0,0.0,4,True
58,8705,33,547,0.0628374497415278,4,True
92,712,0,0,0.0,2,True
37,2973,0,0,0.0,5,True
127,404,0,0,0.0,3,True
81,1054,0,0,0.0,2,False
48,899,0,0,0.0,4,True
97,2895,13,147,0.0507772020725388,2,True
26,393,0,0,0.0,4,True
43,517,0,0,0.0,2,True
83,1103,3,199,0.1804170444242973,3,True
56,977,3,66,0.067553735926305,3,True
50,202,0,0,0.0,1,True
74,616,10,30,0.0487012987012987,4,True
42,565,4,83,0.1469026548672566,5,True
48,408,0,0,0.0,2,True
70,625,4,39,0.0624,3,True
47,335,0,0,0.0,5,True
95,929,4,96,0.1033369214208826,3,True
63,295,0,0,0.0,2,True
35,4753,0,0,0.0,5,True
97,777,0,0,0.0,5,False
40,966,1,54,0.0559006211180124,3,True
93,571,2,184,0.3222416812609457,1,True
80,3184,0,0,0.0,4,True
61,7482,1,10,0.0013365410318096,5,True
77,1740,4,68,0.0390804597701149,5,True
88,1693,0,0,0.0,4,True
50,1271,24,296,0.2328874901652242,5,True
83,711,4,141,0.1983122362869198,3,True
87,1537,0,0,0.0,2,True
59,924,1,62,0.0670995670995671,1,True
43,2997,0,0,0.0,3,True
68,843,0,0,0.0,2,True
60,419,1,171,0.4081145584725537,4,True
40,3587,12,267,0.0744354613883468,4,True
43,1880,0,0,0.0,3,True
88,675,0,0,0.0,3,True
31,252,0,0,0.0,2,True
48,328,0,0,0.0,2,True
85,1614,4,17,0.0105328376703841,5,True
61,1213,5,371,0.3058532563891178,1,True
57,898,0,0,0.0,3,True
58,926,0,0,0.0,4,True
95,1010,0,0,0.0,3,True
78,259,0,0,0.0,2,True
52,212,0,0,0.0,2,True
41,837,0,0,0.0,2,True
100,1774,1,19,0.0107102593010146,4,True
61,212,0,0,0.0,4,True
29,176,0,0,0.0,1,True
43,380,0,0,0.0,2,False
36,109,0,0,0.0,1,True
52,772,1,219,0.2836787564766839,3,True
67,4104,0,0,0.0,4,True
93,378,3,34,0.0899470899470899,2,True
73,515,0,0,0.0,3,True
56,1974,1,115,0.058257345491388,2,True
104,223,0,0,0.0,1,True
65,1035,2,32,0.0309178743961352,4,True
43,488,0,0,0.0,5,True
84,6274,2,146,0.02327064073956,3,False
46,468,0,0,0.0,3,True
27,1264,11,221,0.1748417721518987,3,True
56,556,0,0,0.0,2,True
60,312,0,0,0.0,4,True
74,306,0,0,0.0,4,True
114,1108,3,107,0.0965703971119133,3,True
63,1321,5,104,0.0787282361847085,1,True
48,1540,3,78,0.0506493506493506,2,True
65,571,0,0,0.0,3,True
69,3244,2,69,0.0212700369913686,3,True
99,1275,0,0,0.0,4,True
29,3736,6,125,0.033458244111349,4,True
41,1748,5,100,0.05720823798627,5,True
49,1027,0,0,0.0,3,True
42,1120,0,0,0.0,3,True
32,223,5,45,0.2017937219730941,3,True
45,635,4,42,0.0661417322834645,4,True
81,1072,1,8,0.0074626865671641,5,True
91,1230,5,206,0.1674796747967479,4,True
57,477,1,5,0.010482180293501,4,True
44,918,5,29,0.0315904139433551,4,True
80,4820,0,0,0.0,5,True
52,112,0,0,0.0,1,False
104,242,0,0,0.0,5,True
39,186,0,0,0.0,2,True
66,265,5,71,0.2679245283018868,5,True
65,1060,0,0,0.0,1,True
84,1664,6,48,0.0288461538461538,3,True
87,655,0,0,0.0,3,False
46,336,2,162,0.4821428571428571,5,True
42,687,2,24,0.0349344978165938,5,True
44,2689,5,83,0.030866493120119,4,True
58,901,11,97,0.1076581576026637,4,True
45,2790,27,254,0.0910394265232975,4,True
31,329,0,0,0.0,2,False
65,1785,21,362,0.2028011204481792,2,True
73,1757,0,0,0.0,4,True
74,733,3,4,0.0054570259208731,5,True
42,313,2,37,0.1182108626198083,3,False
60,473,0,0,0.0,4,True
141,9579,0,0,0.0,4,True
46,1285,0,0,0.0,3,True
42,695,0,0,0.0,4,True
51,751,0,0,0.0,2,True
103,761,0,0,0.0,4,True
57,1537,0,0,0.0,3,True
62,1341,3,15,0.0111856823266219,4,True
35,125,0,0,0.0,3,True
130,693,0,0,0.0,5,True
52,972,0,0,0.0,1,True
62,3790,0,0,0.0,2,True
122,1799,3,281,0.1561978877153974,4,True
125,1142,0,0,0.0,5,True
44,97,0,0,0.0,2,True
92,889,0,0,0.0,3,True
30,304,1,59,0.194078947368421,4,True
73,4078,0,0,0.0,3,False
53,482,0,0,0.0,2,True
40,634,0,0,0.0,2,False
87,615,1,45,0.073170731707317,5,True
50,1276,1,57,0.0446708463949843,5,True
45,314,0,0,0.0,2,True
70,3237,0,0,0.0,5,True
83,431,0,0,0.0,2,True
57,634,0,0,0.0,4,True
108,1697,7,119,0.070123747790218,1,True
73,449,0,0,0.0,2,True
75,173,0,0,0.0,2,True
105,783,3,38,0.0485312899106002,4,True
71,534,1,10,0.0187265917602996,1,True
49,1168,1,181,0.1549657534246575,5,True
50,1082,1,201,0.1857670979667282,1,True
74,1553,0,0,0.0,1,False
76,430,0,0,0.0,4,True
39,733,1,10,0.0136425648021828,3,True
77,1951,1,54,0.0276781137878011,4,True
63,794,0,0,0.0,3,True
31,702,0,0,0.0,4,True
36,518,4,35,0.0675675675675675,2,True
71,3578,4,108,0.0301844605925097,5,True
109,217,0,0,0.0,2,True
74,766,2,43,0.0561357702349869,3,True
38,722,1,131,0.1814404432132964,5,True
54,504,1,56,0.1111111111111111,2,True
124,157,4,24,0.1528662420382165,4,True
50,2270,0,0,0.0,2,True
73,300,0,0,0.0,2,True
64,113,0,0,0.0,3,True
152,511,1,131,0.2563600782778865,4,True
95,939,0,0,0.0,4,True
48,864,2,124,0.1435185185185185,3,True
50,1306,0,0,0.0,3,True
97,425,0,0,0.0,1,True
30,567,0,0,0.0,5,False
69,1308,13,120,0.091743119266055,5,True
66,579,0,0,0.0,2,True
62,172,0,0,0.0,3,True
34,281,2,21,0.0747330960854092,1,True
78,1242,6,145,0.1167471819645732,3,True
79,389,0,0,0.0,1,True
46,1458,1,4,0.0027434842249657,1,True
37,383,0,0,0.0,1,True
75,3397,2,304,0.0894907271121577,5,True
43,5129,6,53,0.0103333983232598,5,True
66,976,0,0,0.0,3,False
94,862,0,0,0.0,1,True
89,1260,8,199,0.1579365079365079,5,True
35,364,1,9,0.0247252747252747,2,True
77,322,1,142,0.4409937888198758,2,True
56,909,0,0,0.0,3,True
79,780,0,0,0.0,1,True
56,2039,1,54,0.026483570377636,3,True
109,197,0,0,0.0,3,True
72,482,2,33,0.0684647302904564,3,True
109,437,7,85,0.1945080091533181,4,True
50,6247,3,62,0.0099247638866656,3,True
45,690,2,42,0.0608695652173913,3,True
59,419,0,0,0.0,5,True
85,754,0,0,0.0,2,False
62,1325,0,0,0.0,3,True
51,2833,10,123,0.0434168725732439,2,True
41,835,0,0,0.0,4,True
51,447,0,0,0.0,4,False
80,3489,2,123,0.0352536543422184,5,True
133,779,0,0,0.0,4,False
55,453,2,20,0.0441501103752759,2,True
74,363,6,92,0.2534435261707989,2,False
59,1196,0,0,0.0,4,True
34,1497,1,17,0.0113560454241816,4,True
84,931,4,30,0.0322234156820623,5,True
56,1149,0,0,0.0,4,True
51,1319,1,64,0.048521607278241,5,True
55,3169,8,73,0.0230356579362574,1,True
50,310,0,0,0.0,4,True
109,1587,8,99,0.0623818525519848,2,True
44,2360,0,0,0.0,5,True
81,512,1,19,0.037109375,1,True
41,333,0,0,0.0,1,False
49,720,2,19,0.0263888888888888,2,True
44,519,0,0,0.0,4,True
62,2264,9,72,0.0318021201413427,5,True
80,791,0,0,0.0,3,True
78,246,1,5,0.0203252032520325,1,True
63,485,1,10,0.0206185567010309,4,True
39,1584,0,0,0.0,5,True
42,1640,0,0,0.0,4,True
57,1451,0,0,0.0,4,True
37,480,0,0,0.0,5,True
31,818,1,6,0.0073349633251833,5,True
32,417,0,0,0.0,3,True
47,303,0,0,0.0,5,False
55,261,0,0,0.0,1,True
56,541,0,0,0.0,4,True
58,3214,1,37,0.0115121344119477,3,True
26,478,3,69,0.1443514644351464,5,True
36,1960,2,276,0.1408163265306122,2,True
98,912,5,116,0.1271929824561403,2,False
60,1736,0,0,0.0,4,True
56,152,0,0,0.0,3,True
52,495,0,0,0.0,3,True
67,2984,0,0,0.0,4,True
50,1014,0,0,0.0,4,True
69,373,0,0,0.0,2,False
76,837,2,88,0.1051373954599761,4,False
71,503,0,0,0.0,5,False
63,300,2,33,0.11,1,True
72,711,1,10,0.0140646976090014,4,True
68,2999,11,154,0.05135045015005,4,True
126,517,0,0,0.0,2,False
111,503,0,0,0.0,3,True
67,221,0,0,0.0,1,True
47,651,8,132,0.2027649769585253,3,True
85,160,0,0,0.0,4,False
27,240,3,96,0.4,2,True
81,1214,0,0,0.0,4,True
75,790,8,119,0.150632911392405,4,False
46,601,0,0,0.0,5,True
29,1903,1,49,0.0257488176563321,3,True
74,1222,4,60,0.0490998363338788,4,True
94,591,3,9,0.015228426395939,4,True
87,352,0,0,0.0,3,True
49,942,0,0,0.0,4,True
54,588,4,175,0.2976190476190476,3,True
92,1899,0,0,0.0,2,True
72,2331,1,78,0.0334620334620334,5,True
44,1154,0,0,0.0,4,True
81,1419,0,0,0.0,2,True
50,1076,6,25,0.0232342007434944,3,True
31,163,0,0,0.0,1,True
43,1330,0,0,0.0,2,True
74,708,0,0,0.0,4,True
70,1615,0,0,0.0,3,True
59,253,0,0,0.0,3,True
48,584,0,0,0.0,3,True
56,1366,1,11,0.0080527086383601,3,True
30,199,0,0,0.0,5,False
73,766,2,98,0.1279373368146214,2,True
42,626,0,0,0.0,2,True
47,458,4,46,0.1004366812227074,5,True
58,2715,0,0,0.0,2,True
46,794,0,0,0.0,2,True
80,768,0,0,0.0,5,True
38,2375,10,260,0.1094736842105263,4,True
50,200,0,0,0.0,1,True
34,1351,0,0,0.0,3,True
41,1705,0,0,0.0,5,True
46,448,0,0,0.0,5,True
57,1713,0,0,0.0,4,True
50,1082,0,0,0.0,3,True
68,517,0,0,0.0,3,False
42,701,0,0,0.0,4,True
65,865,2,26,0.030057803468208,2,True
38,619,0,0,0.0,4,True
67,100,0,0,0.0,1,True
44,1082,10,62,0.0573012939001848,3,True
28,2630,11,245,0.0931558935361216,5,True
34,521,0,0,0.0,2,True
111,820,2,96,0.1170731707317073,4,True
53,467,0,0,0.0,4,True
42,362,0,0,0.0,3,True
28,307,0,0,0.0,4,True
42,712,0,0,0.0,3,True
78,3238,2,40,0.0123533045089561,2,True
40,1066,3,41,0.0384615384615384,4,True
41,944,3,19,0.0201271186440677,2,True
48,172,1,88,0.5116279069767442,2,True
55,1929,0,0,0.0,3,True
83,387,1,10,0.0258397932816537,4,True
54,1431,0,0,0.0,3,True
53,1262,2,20,0.0158478605388272,4,True
52,477,0,0,0.0,3,False
24,442,1,9,0.0203619909502262,5,True
32,508,9,189,0.3720472440944882,3,True
70,2322,0,0,0.0,5,True
44,1038,0,0,0.0,1,True
50,4912,0,0,0.0,1,True
40,187,0,0,0.0,1,True
61,1740,0,0,0.0,2,True
52,1306,1,74,0.0566615620214395,2,True
62,371,0,0,0.0,1,True
50,591,3,58,0.0981387478849407,3,True
63,3209,1,15,0.0046743533811156,5,True
52,1165,15,353,0.3030042918454935,5,True
49,1527,1,295,0.1931892599869024,5,True
28,740,3,11,0.0148648648648648,2,True
75,891,1,8,0.0089786756453423,5,True
103,219,0,0,0.0,2,True
99,2452,1,18,0.0073409461663947,4,True
55,946,0,0,0.0,2,True
53,366,0,0,0.0,3,True
42,643,0,0,0.0,2,True
83,3506,0,0,0.0,4,True
51,3077,3,147,0.0477738056548586,4,True
51,935,2,98,0.1048128342245989,4,True
33,195,0,0,0.0,2,True
53,1655,0,0,0.0,4,True
140,695,6,200,0.2877697841726618,5,True
59,1638,10,70,0.0427350427350427,1,True
18,1739,0,0,0.0,3,True
48,1950,0,0,0.0,1,True
37,1529,1,249,0.1628515369522563,3,True
57,879,2,27,0.030716723549488,3,True
65,1719,0,0,0.0,3,True
46,498,1,395,0.7931726907630522,3,True
45,240,0,0,0.0,1,True
26,339,0,0,0.0,1,True
157,617,3,71,0.1150729335494327,3,True
78,952,0,0,0.0,1,True
70,529,0,0,0.0,5,True
68,493,7,109,0.2210953346855984,3,True
53,345,1,56,0.1623188405797101,1,True
113,790,1,164,0.2075949367088607,3,True
28,667,0,0,0.0,4,True
58,269,7,113,0.4200743494423792,3,True
83,502,2,35,0.0697211155378486,2,True
94,1694,0,0,0.0,4,True
59,3984,2,18,0.0045180722891566,5,True
55,570,0,0,0.0,1,True
70,2888,0,0,0.0,4,True
71,1694,1,56,0.0330578512396694,4,True
64,2077,2,24,0.0115551275878671,5,True
69,201,0,0,0.0,5,True
50,6864,3,38,0.0055361305361305,4,True
76,543,0,0,0.0,4,True
49,1053,1,111,0.1054131054131054,3,True
31,414,2,83,0.2004830917874396,2,True
48,237,0,0,0.0,3,True
55,1315,3,58,0.0441064638783269,2,True
29,1752,4,41,0.0234018264840182,2,False
58,237,0,0,0.0,2,True
60,455,0,0,0.0,3,True
58,1789,2,113,0.0631637786472889,2,True
61,435,1,53,0.1218390804597701,3,True
105,3060,5,349,0.1140522875816993,3,True
55,919,0,0,0.0,3,False
66,2191,1,10,0.0045641259698767,3,True
57,193,0,0,0.0,2,True
85,7726,1,32,0.0041418586590732,3,True
44,1086,0,0,0.0,3,True
31,767,0,0,0.0,2,True
40,469,0,0,0.0,2,True
52,1260,4,247,0.196031746031746,4,True
71,166,3,113,0.6807228915662651,2,True
74,216,4,105,0.4861111111111111,3,True
22,1343,0,0,0.0,3,True
54,1996,10,79,0.0395791583166332,3,True
54,401,0,0,0.0,2,True
47,567,2,82,0.1446208112874779,2,True
41,1368,10,225,0.1644736842105263,1,True
58,1186,6,87,0.0733558178752108,5,True
55,6867,0,0,0.0,5,True
82,2040,0,0,0.0,5,True
54,1705,1,78,0.0457478005865102,5,True
44,2734,7,105,0.0384052670080468,2,True
57,1259,0,0,0.0,2,True
68,602,4,24,0.0398671096345514,3,False
50,845,4,138,0.1633136094674556,5,True
76,1920,1,98,0.0510416666666666,4,True
56,424,2,48,0.1132075471698113,3,True
76,741,4,136,0.1835357624831309,3,True
52,1818,0,0,0.0,3,True
30,568,2,419,0.7376760563380281,4,True
55,2041,0,0,0.0,5,True
45,338,0,0,0.0,4,True
45,1441,2,105,0.0728660652324774,2,True
25,864,1,12,0.0138888888888888,5,True
32,1917,0,0,0.0,3,True
86,5663,5,44,0.0077697333568779,3,True
87,1209,2,12,0.009925558312655,4,True
57,1802,2,39,0.0216426193118756,5,True
61,460,4,161,0.35,4,False
101,1854,1,32,0.0172599784250269,5,True
80,2288,5,29,0.0126748251748251,3,True
75,187,1,7,0.0374331550802139,1,False
52,1200,0,0,0.0,4,True
78,604,0,0,0.0,5,True
79,760,9,116,0.1526315789473684,5,True
75,411,5,28,0.0681265206812652,2,True
95,5060,7,223,0.0440711462450592,5,True
92,518,0,0,0.0,2,True
60,2245,0,0,0.0,2,True
41,579,13,478,0.8255613126079447,5,True
62,294,1,103,0.3503401360544217,3,False
55,632,1,17,0.0268987341772151,3,True
48,866,3,46,0.0531177829099307,2,True
77,589,0,0,0.0,5,True
39,327,0,0,0.0,4,True
96,1088,1,14,0.0128676470588235,2,True
63,399,0,0,0.0,2,False
35,640,2,21,0.0328125,2,True
32,270,2,10,0.037037037037037,4,True
89,942,2,85,0.0902335456475583,4,True
59,794,2,42,0.052896725440806,2,True
53,1902,0,0,0.0,5,True
132,433,0,0,0.0,4,True
105,2021,2,52,0.0257298367144977,4,True
63,914,2,35,0.0382932166301969,4,False
93,5156,4,326,0.0632273079906904,5,True
51,477,4,204,0.4276729559748428,2,True
81,2870,0,0,0.0,1,True
87,443,0,0,0.0,5,True
49,278,1,62,0.2230215827338129,3,True
109,187,0,0,0.0,4,True
91,909,1,115,0.1265126512651265,4,True
66,1169,0,0,0.0,3,True
45,412,0,0,0.0,5,True
29,198,2,33,0.1666666666666666,4,True
61,7238,1,96,0.0132633324122685,5,True
43,760,0,0,0.0,5,False
54,1549,10,447,0.288573273079406,4,True
32,821,0,0,0.0,3,True
62,1131,0,0,0.0,4,True
60,613,2,61,0.099510603588907,3,True
77,415,0,0,0.0,2,False
54,1417,13,285,0.2011291460832745,3,True
49,560,3,81,0.1446428571428571,4,True
34,1519,0,0,0.0,3,True
61,1022,0,0,0.0,3,True
33,501,1,49,0.0978043912175648,1,True
35,148,0,0,0.0,5,True
80,884,0,0,0.0,1,True
24,2233,3,29,0.0129870129870129,4,True
110,1133,0,0,0.0,4,True
59,983,2,36,0.0366225839267548,3,True
65,669,1,79,0.1180866965620328,4,True
76,312,2,116,0.3717948717948718,3,True
41,876,0,0,0.0,4,True
67,1639,0,0,0.0,5,True
80,1241,0,0,0.0,2,True
38,443,2,57,0.128668171557562,1,True
27,320,0,0,0.0,2,True
41,165,0,0,0.0,1,True
83,419,0,0,0.0,5,True
37,1374,2,24,0.0174672489082969,5,True
66,2618,1,86,0.0328495034377387,5,True
45,2033,1,34,0.0167240531234628,4,True
109,166,0,0,0.0,3,True
64,673,0,0,0.0,2,True
105,518,0,0,0.0,4,True
45,1625,0,0,0.0,4,True
68,275,0,0,0.0,5,True
122,548,1,37,0.0675182481751824,4,True
62,327,1,16,0.0489296636085626,3,True
65,322,0,0,0.0,2,True
114,1638,0,0,0.0,2,True
61,523,0,0,0.0,3,True
41,217,0,0,0.0,3,True
112,1311,0,0,0.0,2,True
69,1502,0,0,0.0,4,True
54,611,2,56,0.0916530278232405,5,True
70,500,0,0,0.0,2,True
62,1980,1,260,0.1313131313131313,5,True
28,464,0,0,0.0,2,False
43,317,0,0,0.0,4,True
62,1009,0,0,0.0,4,True
38,345,2,18,0.0521739130434782,1,True
94,2867,10,78,0.0272061388210673,4,True
35,729,0,0,0.0,3,True
32,1426,0,0,0.0,2,True
63,1383,0,0,0.0,5,True
58,2081,2,49,0.0235463719365689,4,True
46,376,8,114,0.3031914893617021,1,True
50,1158,4,29,0.0250431778929188,4,True
54,1532,0,0,0.0,4,True
56,729,0,0,0.0,3,True
46,2259,0,0,0.0,1,True
76,958,0,0,0.0,3,True
34,650,0,0,0.0,4,True
106,657,4,46,0.0700152207001522,4,True
68,3963,15,252,0.0635881907645723,5,True
57,718,0,0,0.0,4,True
53,313,0,0,0.0,4,True
49,4452,1,24,0.0053908355795148,3,True
40,234,0,0,0.0,2,True
61,200,0,0,0.0,2,True
108,6417,0,0,0.0,3,True
52,1293,0,0,0.0,2,True
75,876,2,56,0.0639269406392694,2,True
64,766,0,0,0.0,5,True
55,399,12,230,0.5764411027568922,3,True
95,1000,0,0,0.0,2,True
53,660,4,27,0.0409090909090909,4,True
43,1256,6,98,0.0780254777070063,3,True
66,1378,0,0,0.0,4,True
106,790,1,29,0.0367088607594936,3,True
47,1283,0,0,0.0,3,True
72,2329,0,0,0.0,5,True
39,673,4,44,0.0653789004457652,3,True
89,1768,6,66,0.0373303167420814,3,True
48,699,1,116,0.1659513590844063,4,True
94,804,0,0,0.0,2,True
78,2509,11,193,0.0769230769230769,5,True
49,119,0,0,0.0,1,True
51,276,0,0,0.0,2,True
75,687,6,49,0.0713245997088791,2,True
46,843,10,24,0.0284697508896797,4,True
54,5716,0,0,0.0,2,True
74,493,0,0,0.0,2,True
45,413,0,0,0.0,1,True
33,585,1,111,0.1897435897435897,5,True
70,900,1,144,0.16,3,True
89,1415,2,18,0.0127208480565371,5,True
58,405,0,0,0.0,3,True
61,379,0,0,0.0,2,True
51,3331,0,0,0.0,5,True
34,244,1,7,0.0286885245901639,4,True
55,3658,1,13,0.0035538545653362,2,False
54,2700,0,0,0.0,4,True
30,840,0,0,0.0,4,False
46,684,2,60,0.087719298245614,3,True
135,1554,0,0,0.0,5,True
59,1884,10,92,0.048832271762208,3,True
73,1279,1,16,0.0125097732603596,3,True
90,719,6,226,0.3143254520166898,2,True
59,159,0,0,0.0,3,True
120,366,2,31,0.0846994535519125,3,True
17,4922,1,64,0.0130028443722064,1,True
51,563,0,0,0.0,4,False
27,217,0,0,0.0,1,False
59,662,7,98,0.148036253776435,3,True
66,814,4,96,0.1179361179361179,5,True
44,686,0,0,0.0,4,True
44,126,1,8,0.0634920634920634,3,True
67,626,0,0,0.0,4,True
91,2641,0,0,0.0,4,True
54,603,6,97,0.1608623548922056,4,True
56,673,1,93,0.138187221396731,4,True
60,492,5,242,0.491869918699187,2,True
32,414,0,0,0.0,2,True
57,351,0,0,0.0,4,True
48,153,1,11,0.0718954248366013,4,True
89,8102,5,84,0.0103678104171809,5,True
47,1376,10,102,0.0741279069767441,4,True
39,510,1,4,0.0078431372549019,4,True
86,350,2,32,0.0914285714285714,4,True
38,460,0,0,0.0,5,True
83,1205,2,344,0.2854771784232365,4,True
50,2833,1,53,0.0187080833039181,2,True
59,4734,7,223,0.0471060414026193,5,True
51,1612,12,156,0.0967741935483871,4,True
40,644,8,130,0.201863354037267,1,False
41,1427,2,31,0.0217238962859145,2,True
133,2243,4,97,0.0432456531431119,5,True
58,565,1,5,0.0088495575221238,1,True
79,593,0,0,0.0,2,True
54,1482,0,0,0.0,4,True
55,356,1,19,0.0533707865168539,2,True
52,1038,0,0,0.0,3,True
40,563,8,114,0.2024866785079929,4,True
49,1324,0,0,0.0,5,True
61,2726,0,0,0.0,5,True
77,1668,6,85,0.0509592326139088,5,True
53,985,0,0,0.0,4,True
54,367,0,0,0.0,4,False
45,495,1,40,0.0808080808080808,4,True
49,1018,7,207,0.2033398821218074,4,True
67,2315,0,0,0.0,5,True
69,1043,0,0,0.0,5,True
80,1866,8,58,0.0310825294748124,2,True
85,3276,6,65,0.0198412698412698,5,True
33,1583,0,0,0.0,4,False
55,121,2,35,0.2892561983471074,1,True
86,418,0,0,0.0,2,True
140,3998,0,0,0.0,3,True
51,470,2,85,0.1808510638297872,3,True
78,489,0,0,0.0,2,False
62,1384,0,0,0.0,5,True
53,565,1,101,0.1787610619469026,4,True
37,966,0,0,0.0,3,True
84,4327,0,0,0.0,1,True
50,585,12,238,0.4068376068376068,5,True
29,523,0,0,0.0,3,False
76,3806,0,0,0.0,3,True
67,1396,5,74,0.0530085959885386,5,True
31,1447,0,0,0.0,5,True
44,2388,0,0,0.0,3,True
49,403,0,0,0.0,3,True
56,1210,0,0,0.0,4,True
44,1030,1,88,0.0854368932038835,4,True
20,1778,2,664,0.3734533183352081,3,False
118,3319,1,108,0.0325399216631515,4,True
60,483,1,22,0.0455486542443064,2,True
53,2812,0,0,0.0,4,True
53,564,3,109,0.1932624113475177,4,True
64,976,0,0,0.0,5,False
49,500,3,34,0.068,4,True
53,356,1,69,0.1938202247191011,2,True
50,748,5,164,0.2192513368983957,2,True
59,507,0,0,0.0,3,True
83,1523,5,302,0.1982928430728824,2,True
75,598,3,68,0.1137123745819397,3,True
39,333,1,26,0.078078078078078,3,True
66,739,0,0,0.0,3,True
62,653,1,3,0.004594180704441,4,True
105,791,0,0,0.0,4,True
30,111,0,0,0.0,2,True
60,2088,0,0,0.0,3,True
44,1101,4,65,0.0590372388737511,5,True
64,1534,5,64,0.0417209908735332,3,True
43,673,0,0,0.0,5,True
69,676,0,0,0.0,4,True
74,4601,0,0,0.0,3,False
51,2427,0,0,0.0,1,True
60,484,0,0,0.0,2,False
44,1534,11,165,0.1075619295958279,3,True
71,1542,2,34,0.0220492866407263,5,True
28,1517,2,194,0.1278839815425181,3,True
81,510,1,208,0.4078431372549019,1,False
51,1800,0,0,0.0,3,True
115,1989,1,268,0.1347410759175465,4,True
78,893,5,174,0.1948488241881299,2,True
64,400,0,0,0.0,4,True
53,771,1,40,0.0518806744487678,3,True
47,988,0,0,0.0,3,True
53,1104,0,0,0.0,4,True
42,2022,0,0,0.0,5,True
48,330,4,61,0.1848484848484848,2,True
61,412,4,100,0.2427184466019417,5,True
68,681,0,0,0.0,3,True
52,1220,1,12,0.0098360655737704,4,True
78,1142,0,0,0.0,3,True
34,3313,0,0,0.0,1,True
36,553,5,52,0.0940325497287522,5,True
49,195,0,0,0.0,4,True
59,775,5,32,0.0412903225806451,5,True
80,2137,6,55,0.0257370145063172,5,True
83,583,0,0,0.0,3,True
33,624,7,148,0.2371794871794871,2,True
73,565,0,0,0.0,3,True
32,888,3,34,0.0382882882882882,1,True
92,1325,1,78,0.0588679245283018,2,True
72,415,0,0,0.0,3,True
66,433,0,0,0.0,4,True
128,719,0,0,0.0,5,True
39,4585,0,0,0.0,4,True
70,1146,0,0,0.0,3,True
89,893,1,125,0.1399776035834266,2,True
82,688,3,35,0.0508720930232558,5,True
48,633,0,0,0.0,4,True
62,1587,0,0,0.0,4,True
48,634,1,5,0.0078864353312302,2,True
48,243,2,47,0.1934156378600823,3,True
50,2989,0,0,0.0,3,True
53,5662,17,239,0.0422112327799364,5,True
136,1797,2,84,0.0467445742904841,3,True
67,899,0,0,0.0,1,True
36,805,2,14,0.017391304347826,3,True
88,294,0,0,0.0,5,True
102,496,1,6,0.0120967741935483,3,True
58,1650,1,109,0.066060606060606,2,True
37,615,2,69,0.1121951219512195,2,True
30,243,2,21,0.0864197530864197,3,False
90,1670,0,0,0.0,3,True
99,2499,3,36,0.0144057623049219,2,True
79,1056,0,0,0.0,3,False
46,742,0,0,0.0,4,True
22,164,1,15,0.0914634146341463,1,True
22,385,1,24,0.0623376623376623,2,True
46,712,0,0,0.0,3,True
49,1585,0,0,0.0,4,True
57,258,0,0,0.0,2,False
38,1231,0,0,0.0,3,True
93,1282,0,0,0.0,4,True
41,327,0,0,0.0,2,True
50,2058,0,0,0.0,3,True
63,565,1,8,0.0141592920353982,4,True
27,1484,0,0,0.0,3,True
60,221,1,9,0.0407239819004524,3,True
94,587,1,24,0.0408858603066439,2,True
73,346,0,0,0.0,3,True
49,2484,0,0,0.0,3,True
51,2309,0,0,0.0,5,True
87,404,7,199,0.4925742574257425,2,False
42,403,0,0,0.0,1,True
53,1651,1,20,0.0121138703815869,2,True
26,390,4,27,0.0692307692307692,2,True
39,1403,1,7,0.0049893086243763,4,True
77,340,0,0,0.0,1,True
79,933,0,0,0.0,2,True
60,878,0,0,0.0,5,True
64,642,0,0,0.0,4,True
43,564,1,40,0.0709219858156028,4,True
46,3854,0,0,0.0,3,True
70,379,1,29,0.0765171503957783,3,True
45,606,4,16,0.0264026402640264,4,True
59,562,1,74,0.1316725978647686,4,True
96,2427,0,0,0.0,5,True
80,342,0,0,0.0,3,True
60,675,1,13,0.0192592592592592,4,True
52,193,0,0,0.0,1,True
55,455,0,0,0.0,5,True
55,394,3,12,0.0304568527918781,4,True
27,105,0,0,0.0,2,True
57,555,0,0,0.0,4,False
58,703,3,24,0.0341394025604551,3,True
79,2948,3,37,0.012550881953867,5,True
43,422,6,48,0.1137440758293838,2,True
53,568,2,32,0.056338028169014,5,True
50,412,2,22,0.0533980582524271,3,True
39,395,3,89,0.2253164556962025,3,True
47,919,7,62,0.0674646354733405,4,True
71,803,2,83,0.1033623910336239,5,True
76,65,0,0,0.0,4,True
102,1121,0,0,0.0,3,True
72,696,0,0,0.0,3,True
109,290,3,25,0.0862068965517241,2,True
57,1151,11,106,0.0920938314509122,5,True
34,1834,2,28,0.015267175572519,5,True
44,513,0,0,0.0,2,True
120,997,3,29,0.029087261785356,5,True
43,1999,1,62,0.0310155077538769,3,True
50,2980,1,8,0.0026845637583892,5,True
30,931,6,133,0.1428571428571428,1,True
58,3513,0,0,0.0,5,True
39,785,3,41,0.0522292993630573,4,True
50,2106,0,0,0.0,1,True
35,635,2,6,0.0094488188976377,5,True
91,1644,0,0,0.0,4,False
51,814,3,47,0.0577395577395577,2,True
49,506,3,28,0.0553359683794466,4,True
84,195,0,0,0.0,1,True
55,1189,4,18,0.0151387720773759,1,True
35,342,0,0,0.0,5,False
38,184,2,9,0.0489130434782608,1,False
94,2395,3,20,0.0083507306889352,4,True
21,476,0,0,0.0,2,True
39,766,3,41,0.0535248041775456,4,True
59,1218,11,176,0.1444991789819376,5,True
44,1796,2,12,0.0066815144766146,4,True
37,121,1,19,0.1570247933884297,3,True
68,228,0,0,0.0,1,False
43,1392,0,0,0.0,3,True
87,2148,0,0,0.0,4,True
49,2031,0,0,0.0,1,False
80,2835,2,56,0.019753086419753,4,True
37,1366,1,11,0.0080527086383601,4,True
57,825,0,0,0.0,4,True
33,507,0,0,0.0,2,True
75,633,0,0,0.0,5,True
81,5053,0,0,0.0,4,True
41,721,3,19,0.0263522884882108,3,True
95,226,3,27,0.1194690265486725,3,True
50,156,0,0,0.0,1,True
53,1196,3,36,0.0301003344481605,3,True
37,1298,3,85,0.0654853620955315,3,True
110,959,4,51,0.0531803962460896,4,True
74,789,0,0,0.0,4,True
63,698,9,71,0.1017191977077364,4,True
63,482,2,52,0.1078838174273859,5,True
72,1228,0,0,0.0,2,True
67,5184,0,0,0.0,4,True
47,330,0,0,0.0,3,True
24,1667,0,0,0.0,4,True
75,546,0,0,0.0,2,True
59,491,0,0,0.0,5,True
91,1532,0,0,0.0,2,True
24,303,0,0,0.0,4,True
93,4751,6,115,0.0242054304356977,3,True
39,535,0,0,0.0,3,True
45,3469,1,51,0.0147016431248198,5,True
35,640,2,50,0.078125,4,True
38,657,0,0,0.0,5,True
49,190,1,11,0.0578947368421052,4,True
106,769,0,0,0.0,5,True
61,655,0,0,0.0,3,False
65,360,0,0,0.0,4,True
65,4274,0,0,0.0,3,True
65,596,3,45,0.0755033557046979,2,True
75,480,2,24,0.05,2,True
78,1481,3,78,0.0526671168129642,3,True
72,492,1,18,0.0365853658536585,1,True
64,1196,2,169,0.1413043478260869,4,True
74,120,0,0,0.0,3,True
39,1960,1,25,0.0127551020408163,3,True
32,833,2,60,0.0720288115246098,5,True
72,1570,0,0,0.0,3,True
48,140,3,43,0.3071428571428571,2,True
24,715,1,63,0.0881118881118881,2,True
71,142,0,0,0.0,3,False
94,753,0,0,0.0,3,True
70,1901,5,99,0.0520778537611783,5,True
37,338,0,0,0.0,4,True
40,606,4,82,0.1353135313531353,5,True
72,723,0,0,0.0,2,True
66,702,1,18,0.0256410256410256,5,True
47,1987,0,0,0.0,4,True
60,914,0,0,0.0,3,True
57,997,1,36,0.0361083249749247,5,True
90,163,0,0,0.0,3,True
51,18251,0,0,0.0,3,True
55,589,3,188,0.3191850594227504,2,True
48,319,2,61,0.1912225705329153,2,True
44,629,0,0,0.0,4,False
77,582,2,73,0.1254295532646048,5,False
68,74,0,0,0.0,1,True
112,13483,3,175,0.0129793072758288,4,True
47,782,1,51,0.0652173913043478,2,True
88,1391,0,0,0.0,4,True
63,712,0,0,0.0,3,True
104,1086,9,117,0.1077348066298342,5,True
44,301,1,32,0.1063122923588039,1,True
60,900,2,48,0.0533333333333333,1,True
84,2383,0,0,0.0,4,True
36,627,0,0,0.0,3,False
59,8355,0,0,0.0,3,True
75,938,0,0,0.0,2,True
85,4068,0,0,0.0,5,True
59,322,2,21,0.0652173913043478,1,True
58,767,0,0,0.0,2,True
68,1320,3,78,0.059090909090909,5,True
51,2941,0,0,0.0,5,True
84,2020,1,114,0.0564356435643564,3,True
67,498,5,47,0.0943775100401606,1,True
70,1002,4,28,0.0279441117764471,2,True
69,2144,2,160,0.0746268656716417,4,True
27,1196,0,0,0.0,3,True
67,546,0,0,0.0,4,True
46,412,0,0,0.0,1,True
55,583,0,0,0.0,2,True
57,840,0,0,0.0,4,True
60,265,0,0,0.0,4,True
45,1460,0,0,0.0,3,True
57,821,2,164,0.1997563946406821,4,True
77,290,2,33,0.1137931034482758,2,True
70,585,2,513,0.8769230769230769,3,False
63,786,0,0,0.0,3,True
30,1680,3,176,0.1047619047619047,2,True
65,860,4,52,0.0604651162790697,3,False
79,946,0,0,0.0,5,True
37,1381,0,0,0.0,2,True
111,532,0,0,0.0,1,True
40,385,4,30,0.0779220779220779,2,True
29,540,0,0,0.0,3,True
46,737,9,109,0.1478968792401628,3,True
120,18528,27,471,0.0254209844559585,4,True
74,481,1,7,0.0145530145530145,4,True
49,1327,0,0,0.0,5,True
73,5004,3,1105,0.2208233413269384,2,True
49,1838,0,0,0.0,2,True
36,552,0,0,0.0,4,True
48,2409,0,0,0.0,4,True
115,645,1,119,0.1844961240310077,1,True
77,2108,13,175,0.0830170777988614,2,True
129,419,0,0,0.0,5,True
51,442,0,0,0.0,1,True
39,784,0,0,0.0,2,True
43,586,0,0,0.0,3,True
57,3194,1,155,0.0485284909204758,4,True
50,258,0,0,0.0,3,False
37,515,0,0,0.0,1,True
60,2885,0,0,0.0,4,True
70,504,3,81,0.1607142857142857,4,False
30,1756,8,104,0.0592255125284738,2,True
53,157,0,0,0.0,3,True
65,1199,8,97,0.0809007506255212,2,True
80,2369,0,0,0.0,1,False
40,616,0,0,0.0,2,True
94,5526,0,0,0.0,4,True
38,394,0,0,0.0,4,True
35,537,0,0,0.0,3,True
36,1640,0,0,0.0,3,True
48,263,0,0,0.0,5,True
56,756,3,122,0.1613756613756613,2,True
57,246,0,0,0.0,2,False
87,603,1,92,0.1525704809286898,3,True
60,777,0,0,0.0,5,True
86,443,2,163,0.3679458239277652,3,True
49,182,1,16,0.0879120879120879,4,False
59,684,12,240,0.3508771929824561,3,True
62,308,2,37,0.1201298701298701,3,True
127,983,1,14,0.0142421159715157,1,True
48,477,0,0,0.0,2,True
94,428,2,81,0.1892523364485981,3,True
63,1860,1,27,0.014516129032258,4,True
75,1681,1,65,0.0386674598453301,4,True
119,1108,0,0,0.0,2,True
30,4422,0,0,0.0,5,True
39,130,0,0,0.0,1,True
60,1121,15,135,0.1204281891168599,3,True
55,617,0,0,0.0,3,True
102,2402,0,0,0.0,1,True
36,792,1,15,0.0189393939393939,4,True
42,5509,0,0,0.0,5,True
64,977,1,18,0.0184237461617195,5,True
51,713,0,0,0.0,5,False
98,1738,0,0,0.0,4,True
48,387,0,0,0.0,5,True
62,309,3,60,0.1941747572815534,3,True
43,5266,2,127,0.0241169768325104,5,True
70,2464,3,82,0.0332792207792207,2,True
63,860,1,17,0.0197674418604651,1,True
73,713,3,85,0.1192145862552594,5,True
45,1408,0,0,0.0,3,True
53,365,1,1,0.0027397260273972,1,True
63,2430,1,158,0.0650205761316872,2,True
103,942,0,0,0.0,3,True
75,543,3,222,0.4088397790055249,2,True
56,974,4,51,0.0523613963039014,1,True
43,1043,1,93,0.0891658676893576,4,True
54,562,0,0,0.0,3,True
29,386,6,91,0.2357512953367875,2,True
65,410,0,0,0.0,2,True
71,923,1,9,0.0097508125677139,5,True
81,2105,0,0,0.0,5,False
44,636,0,0,0.0,3,True
57,1067,0,0,0.0,2,True
64,515,3,55,0.1067961165048543,3,True
77,1150,9,160,0.1391304347826087,1,True
44,1037,2,29,0.0279652844744455,1,True
87,1264,3,461,0.3647151898734177,4,True
48,394,4,48,0.1218274111675127,3,True
69,1662,0,0,0.0,5,True
137,3243,0,0,0.0,5,True
51,2825,13,137,0.0484955752212389,1,True
90,300,2,70,0.2333333333333333,2,True
49,1326,5,63,0.0475113122171945,4,True
50,1907,4,109,0.0571578395385422,4,True
61,2406,11,209,0.0868661679135494,3,True
99,1295,0,0,0.0,2,True
102,5159,2,30,0.0058150804419461,3,True
85,1825,0,0,0.0,3,True
67,862,1,314,0.3642691415313225,5,True
92,559,0,0,0.0,5,True
94,412,0,0,0.0,4,True
35,770,0,0,0.0,2,True
57,1835,1,10,0.0054495912806539,4,True
48,858,10,67,0.0780885780885781,3,True
32,153,0,0,0.0,2,True
51,3113,0,0,0.0,5,True
83,774,0,0,0.0,5,True
59,717,0,0,0.0,2,True
44,300,0,0,0.0,3,True
48,494,0,0,0.0,2,False
64,1550,0,0,0.0,5,True
73,701,0,0,0.0,5,True
34,1098,0,0,0.0,2,True
44,768,2,34,0.0442708333333333,4,True
62,754,0,0,0.0,3,True
44,899,3,61,0.067853170189099,5,True
43,629,1,25,0.0397456279809221,3,True
77,364,1,19,0.0521978021978022,3,True
36,12109,2,51,0.0042117433314063,2,True
71,947,0,0,0.0,5,True
71,1557,0,0,0.0,3,False
82,1278,14,229,0.1791862284820031,5,True
88,256,0,0,0.0,2,True
40,1881,0,0,0.0,2,False
71,3021,0,0,0.0,3,True
44,528,1,84,0.1590909090909091,5,False
72,826,0,0,0.0,2,False
82,3875,4,80,0.0206451612903225,4,True
33,2504,9,155,0.0619009584664536,4,True
61,660,2,54,0.0818181818181818,2,True
47,571,0,0,0.0,4,False
64,2234,0,0,0.0,3,True
58,5274,15,211,0.040007584376185,3,True
109,1803,0,0,0.0,3,True
35,669,2,31,0.046337817638266,3,True
66,1441,0,0,0.0,2,True
18,412,0,0,0.0,2,True
28,1599,0,0,0.0,4,True
68,147,0,0,0.0,3,True
40,4348,0,0,0.0,3,True
86,195,0,0,0.0,4,True
59,4167,9,361,0.0866330693544516,3,True
51,1650,8,55,0.0333333333333333,3,True
44,1382,8,90,0.065123010130246,2,True
57,664,0,0,0.0,4,True
39,622,0,0,0.0,1,True
69,1230,10,51,0.0414634146341463,5,True
86,348,3,87,0.25,3,True
65,1374,2,74,0.0538573508005822,2,True
69,808,1,53,0.0655940594059406,3,False
57,357,0,0,0.0,2,True
35,1236,2,490,0.3964401294498382,3,True
38,841,0,0,0.0,3,True
50,455,5,197,0.432967032967033,2,True
65,597,3,79,0.1323283082077052,4,True
41,3231,6,46,0.0142370783039306,4,True
76,680,0,0,0.0,3,True
62,13772,0,0,0.0,3,True
42,388,0,0,0.0,5,True
64,1132,1,36,0.0318021201413427,3,True
49,13219,0,0,0.0,3,True
57,1152,4,120,0.1041666666666666,2,True
67,352,0,0,0.0,3,True
52,1761,2,39,0.0221465076660988,4,False
151,1862,0,0,0.0,3,True
68,1500,1,33,0.022,5,True
70,1826,0,0,0.0,4,True
45,2609,51,387,0.1483326945189728,3,True
72,643,0,0,0.0,4,True
63,186,0,0,0.0,3,True
80,779,0,0,0.0,2,True
42,1487,3,81,0.054472091459314,5,True
58,655,4,115,0.1755725190839694,3,True
80,292,0,0,0.0,5,True
33,2696,0,0,0.0,5,True
50,463,0,0,0.0,2,False
96,997,1,35,0.0351053159478435,5,True
78,8808,0,0,0.0,3,True
138,544,1,6,0.0110294117647058,5,True
52,1696,0,0,0.0,4,True
60,410,1,10,0.024390243902439,3,True
46,302,2,38,0.1258278145695364,2,True
50,480,1,87,0.18125,3,True
28,6162,0,0,0.0,2,True
134,1562,0,0,0.0,2,True
72,270,0,0,0.0,2,False
36,1541,0,0,0.0,2,True
52,3124,0,0,0.0,3,True
65,9453,0,0,0.0,5,True
54,1230,9,68,0.0552845528455284,5,True
69,166,0,0,0.0,4,False
57,1716,0,0,0.0,3,True
51,1148,0,0,0.0,2,True
61,577,0,0,0.0,1,True
28,2648,0,0,0.0,2,True
77,12694,2,43,0.0033874271309279,4,True
72,2186,0,0,0.0,5,False
37,612,0,0,0.0,2,True
54,1336,9,94,0.0703592814371257,5,True
61,766,0,0,0.0,3,True
116,2683,2,398,0.1483414088706671,4,True
33,1503,5,47,0.0312707917498336,2,True
86,1102,0,0,0.0,3,True
57,8699,2,33,0.0037935394872973,5,True
49,245,0,0,0.0,3,True
93,781,0,0,0.0,3,True
54,509,6,144,0.2829076620825147,1,True
45,513,0,0,0.0,4,True
48,1082,2,15,0.0138632162661737,2,True
80,60,0,0,0.0,3,True
40,118,0,0,0.0,3,True
25,597,0,0,0.0,3,True
72,1588,0,0,0.0,2,True
36,1005,0,0,0.0,3,False
59,282,2,29,0.1028368794326241,4,True
54,684,0,0,0.0,3,True
37,637,5,178,0.2794348508634223,2,True
66,1755,1,78,0.0444444444444444,5,True
61,398,2,71,0.1783919597989949,5,True
42,675,0,0,0.0,4,True
70,384,0,0,0.0,3,True
87,522,2,96,0.1839080459770115,2,True
66,917,0,0,0.0,4,True
43,1547,9,91,0.0588235294117647,1,True
48,968,1,93,0.0960743801652892,3,True
61,1039,0,0,0.0,3,True
49,368,0,0,0.0,5,True
52,543,0,0,0.0,1,False
56,481,5,105,0.2182952182952183,2,True
57,1436,8,138,0.096100278551532,4,False
54,1691,9,72,0.0425783560023654,2,True
34,506,0,0,0.0,3,True
81,2236,0,0,0.0,4,False
56,489,0,0,0.0,2,True
68,1439,0,0,0.0,4,True
58,891,1,10,0.0112233445566778,5,True
39,83,0,0,0.0,5,True
36,40,0,0,0.0,3,False
85,939,3,83,0.08839190628328,2,True
127,367,3,45,0.1226158038147139,2,True
107,433,1,20,0.046189376443418,3,True
95,323,0,0,0.0,1,False
85,1794,0,0,0.0,4,False
86,1782,1,15,0.0084175084175084,2,True
82,2429,0,0,0.0,3,False
51,1636,0,0,0.0,4,True
100,243,0,0,0.0,2,True
51,3081,0,0,0.0,5,True
21,1202,0,0,0.0,2,True
61,1494,3,25,0.0167336010709504,1,True
77,488,0,0,0.0,1,True
73,1221,0,0,0.0,5,True
47,562,3,88,0.1565836298932384,3,True
35,4131,14,109,0.0263858629871701,4,True
29,554,2,139,0.2509025270758123,1,True
41,472,6,157,0.3326271186440678,5,True
65,6381,2,23,0.0036044507130543,4,True
20,524,1,23,0.0438931297709923,1,True
52,1633,0,0,0.0,4,True
47,3063,2,16,0.0052236369572314,3,True
50,440,5,71,0.1613636363636363,4,True
122,560,9,220,0.3928571428571428,4,True
53,2148,0,0,0.0,4,True
55,465,1,55,0.1182795698924731,2,True
84,1705,3,19,0.0111436950146627,4,True
19,615,1,31,0.0504065040650406,2,True
95,1479,0,0,0.0,3,True
31,212,0,0,0.0,2,True
77,960,0,0,0.0,3,True
58,715,2,80,0.1118881118881118,3,True
72,813,0,0,0.0,2,True
60,220,0,0,0.0,3,True
79,1186,4,269,0.2268128161888701,2,True
53,940,1,22,0.0234042553191489,1,True
119,2669,3,361,0.1352566504308729,2,True
75,380,0,0,0.0,5,True
64,771,0,0,0.0,1,True
73,213,0,0,0.0,5,True
51,896,3,127,0.1417410714285714,4,True
29,321,0,0,0.0,5,True
39,1126,1,20,0.0177619893428063,4,True
63,2871,10,147,0.051201671891327,4,True
141,1672,2,20,0.0119617224880382,4,True
45,1145,4,44,0.0384279475982532,5,True
51,2516,0,0,0.0,3,True
63,720,0,0,0.0,4,True
76,780,0,0,0.0,3,True
46,356,2,37,0.1039325842696629,3,True
59,342,1,23,0.067251461988304,4,True
67,275,0,0,0.0,3,True
107,727,4,57,0.0784044016506189,3,True
52,1440,10,264,0.1833333333333333,5,True
36,234,0,0,0.0,2,True
82,375,2,84,0.224,3,True
71,5342,0,0,0.0,2,False
97,1066,0,0,0.0,3,True
44,437,0,0,0.0,2,True
104,1308,0,0,0.0,2,True
78,100,0,0,0.0,1,False
52,594,7,210,0.3535353535353535,3,True
45,4277,3,14,0.0032733224222585,5,True
68,14386,0,0,0.0,4,True
60,503,1,13,0.025844930417495,3,True
46,111,0,0,0.0,3,True
75,2629,0,0,0.0,2,True
70,727,0,0,0.0,4,True
69,1726,0,0,0.0,3,True
73,565,0,0,0.0,2,True
37,248,0,0,0.0,5,True
58,3155,0,0,0.0,5,True
88,2151,0,0,0.0,2,True
74,1189,2,44,0.0370058873002523,2,True
114,1904,4,99,0.0519957983193277,5,True
61,1692,0,0,0.0,5,True
96,1510,0,0,0.0,3,True
49,1009,0,0,0.0,4,True
61,5254,0,0,0.0,4,True
27,3017,4,43,0.0142525687769307,1,True
42,935,2,21,0.0224598930481283,5,False
85,577,0,0,0.0,5,True
55,1026,0,0,0.0,3,True
54,1768,2,44,0.0248868778280542,4,True
117,6647,0,0,0.0,4,True
33,345,3,16,0.0463768115942029,2,True
57,1171,5,249,0.2126387702818104,1,True
85,789,0,0,0.0,3,True
32,845,1,33,0.0390532544378698,5,True
44,3271,11,88,0.026903087740752,3,True
43,831,0,0,0.0,3,True
27,611,0,0,0.0,1,False
55,1226,0,0,0.0,3,True
117,1857,0,0,0.0,5,True
133,858,0,0,0.0,3,False
22,1343,0,0,0.0,4,True
47,358,0,0,0.0,4,True
32,869,0,0,0.0,3,False
66,2019,0,0,0.0,4,True
95,893,0,0,0.0,1,True
123,2803,2,17,0.0060649304316803,2,True
82,563,0,0,0.0,5,True
65,710,1,2,0.0028169014084507,5,True
53,103,0,0,0.0,3,True
59,1756,0,0,0.0,4,True
56,994,7,69,0.0694164989939637,4,True
40,803,3,55,0.0684931506849315,2,True
55,7488,3,74,0.0098824786324786,4,True
51,730,6,84,0.1150684931506849,2,True
95,666,1,41,0.0615615615615615,3,True
62,102,0,0,0.0,4,True
63,1949,0,0,0.0,5,True
43,450,0,0,0.0,5,True
35,746,2,16,0.0214477211796246,3,True
81,2893,1,16,0.0055305910819218,3,True
48,428,0,0,0.0,2,True
38,1190,3,152,0.1277310924369747,3,True
57,3392,0,0,0.0,3,True
140,157,0,0,0.0,3,True
57,556,0,0,0.0,2,True
61,1094,0,0,0.0,3,True
52,342,0,0,0.0,2,True
102,1760,0,0,0.0,5,True
44,74,0,0,0.0,1,True
70,1446,0,0,0.0,4,True
48,709,0,0,0.0,2,False
58,1559,1,34,0.0218088518280949,3,True
74,397,0,0,0.0,2,True
44,1007,0,0,0.0,2,True
59,1154,4,142,0.1230502599653379,2,True
53,496,1,9,0.0181451612903225,1,True
68,3424,5,262,0.076518691588785,2,True
53,1428,0,0,0.0,3,True
74,4212,0,0,0.0,4,True
31,332,0,0,0.0,1,True
52,346,0,0,0.0,2,True
35,626,0,0,0.0,5,True
41,751,6,46,0.0612516644474034,3,True
95,5202,1,14,0.0026912725874663,2,True
77,484,1,32,0.0661157024793388,2,True
87,319,2,32,0.1003134796238244,3,True
63,333,4,97,0.2912912912912913,2,True
133,823,0,0,0.0,2,True
63,1907,6,206,0.108023072889355,2,True
41,944,9,74,0.0783898305084745,5,True
47,149,0,0,0.0,3,False
49,170,3,25,0.1470588235294117,1,True
75,605,0,0,0.0,5,True
61,433,2,41,0.0946882217090069,4,True
38,1011,2,26,0.0257171117705242,3,True
40,3636,10,375,0.1031353135313531,5,True
58,2316,6,55,0.023747841105354,5,True
59,2532,0,0,0.0,5,True
51,1292,1,10,0.0077399380804953,5,True
59,511,0,0,0.0,4,True
53,2184,0,0,0.0,4,True
65,156,0,0,0.0,1,True
55,73,0,0,0.0,3,False
74,1085,2,8,0.0073732718894009,2,True
139,1416,0,0,0.0,4,True
66,499,5,49,0.0981963927855711,3,True
54,4097,5,177,0.043202343177935,4,True
56,1957,3,64,0.0327031170158405,4,True
76,2037,0,0,0.0,5,True
51,936,4,73,0.0779914529914529,3,True
29,1865,3,26,0.013941018766756,4,True
54,726,0,0,0.0,3,True
59,4994,2,25,0.0050060072086503,5,True
38,1416,0,0,0.0,3,False
48,697,0,0,0.0,3,False
73,242,0,0,0.0,5,False
69,813,0,0,0.0,5,True
45,437,0,0,0.0,5,True
64,157,0,0,0.0,2,True
78,2428,0,0,0.0,5,True
100,2235,0,0,0.0,5,True
86,2701,0,0,0.0,5,True
44,1340,1,4,0.0029850746268656,4,True
64,400,0,0,0.0,1,True
49,150,0,0,0.0,1,True
45,2682,0,0,0.0,5,True
50,10560,1,17,0.0016098484848484,4,True
107,260,0,0,0.0,3,False
55,265,3,35,0.1320754716981132,1,True
150,279,0,0,0.0,3,True
66,3878,0,0,0.0,5,True
46,720,1,25,0.0347222222222222,4,True
28,3383,0,0,0.0,5,True
51,2794,0,0,0.0,1,True
58,624,2,23,0.0368589743589743,4,True
69,1202,9,104,0.086522462562396,4,True
110,599,0,0,0.0,3,True
57,1390,1,78,0.056115107913669,2,True
51,1119,6,158,0.1411974977658623,3,True
45,1329,5,44,0.0331075996990218,3,True
37,451,1,9,0.0199556541019955,2,True
39,3377,4,115,0.0340538939887474,2,True
37,7847,1,12,0.0015292468459283,4,True
48,1774,1,20,0.0112739571589627,4,True
61,2297,0,0,0.0,2,True
49,3989,0,0,0.0,2,True
63,3197,10,266,0.0832030028151391,5,True
109,542,0,0,0.0,1,True
70,3267,0,0,0.0,5,True
47,157,1,1,0.0063694267515923,1,True
19,344,0,0,0.0,2,False
71,6386,0,0,0.0,3,True
50,908,2,36,0.039647577092511,3,True
124,2774,3,822,0.2963229992790194,5,True
55,587,0,0,0.0,3,True
113,418,2,64,0.1531100478468899,1,True
35,1253,1,3,0.0023942537909018,4,True
54,322,1,11,0.0341614906832298,3,True
24,1372,0,0,0.0,3,True
44,60,0,0,0.0,4,True
81,1491,0,0,0.0,4,True
75,2076,2,37,0.0178227360308285,3,True
46,391,0,0,0.0,5,True
35,159,2,91,0.5723270440251572,2,True
35,446,0,0,0.0,3,True
32,3715,1,16,0.0043068640646029,3,True
38,421,0,0,0.0,1,False
41,4248,2,13,0.0030602636534839,3,True
102,1630,3,113,0.0693251533742331,3,True
59,1368,10,290,0.2119883040935672,3,True
38,828,2,13,0.0157004830917874,3,True
55,1925,0,0,0.0,2,True
68,1739,5,176,0.1012075905692927,4,True
48,8808,0,0,0.0,3,True
75,535,7,119,0.222429906542056,3,True
48,3468,0,0,0.0,4,True
57,1358,2,75,0.0552282768777614,3,True
91,531,2,86,0.1619585687382297,3,True
78,1059,4,22,0.0207743153918791,3,True
53,1017,0,0,0.0,2,True
31,1490,0,0,0.0,3,True
81,1198,0,0,0.0,2,True
77,805,3,20,0.0248447204968944,4,True
70,1463,0,0,0.0,5,True
62,1305,8,295,0.2260536398467433,1,True
32,470,0,0,0.0,2,True
47,295,0,0,0.0,4,False
55,774,0,0,0.0,3,True
59,674,0,0,0.0,5,True
76,2274,1,19,0.0083553210202286,2,True
47,1483,1,5,0.0033715441672285,4,False
55,2095,11,112,0.0534606205250596,2,True
52,350,0,0,0.0,1,False
40,583,0,0,0.0,2,True
39,438,0,0,0.0,2,True
60,999,0,0,0.0,3,True
65,271,0,0,0.0,2,True
76,592,0,0,0.0,3,True
105,2709,0,0,0.0,4,True
98,912,1,54,0.0592105263157894,3,True
55,1298,1,43,0.0331278890600924,4,True
34,76,0,0,0.0,2,True
69,6124,6,158,0.0258001306335728,4,True
103,281,0,0,0.0,3,True
49,914,0,0,0.0,5,True
30,1222,7,199,0.1628477905073649,4,True
78,1127,3,76,0.0674356699201419,2,True
91,5457,2,23,0.0042147700201575,2,True
46,1712,4,23,0.0134345794392523,4,True
60,179,4,72,0.4022346368715084,3,True
45,318,1,8,0.0251572327044025,3,True
67,213,0,0,0.0,5,True
125,268,0,0,0.0,5,True
50,450,0,0,0.0,2,True
42,342,0,0,0.0,3,True
57,1321,9,74,0.0560181680545041,4,True
53,215,0,0,0.0,5,True
64,512,0,0,0.0,5,True
46,591,0,0,0.0,3,True
61,1304,0,0,0.0,2,True
83,969,0,0,0.0,3,True
44,349,0,0,0.0,3,True
40,1514,0,0,0.0,2,True
51,511,2,13,0.0254403131115459,3,True
94,1138,0,0,0.0,5,True
53,264,0,0,0.0,2,True
81,1374,0,0,0.0,2,False
38,501,0,0,0.0,1,True
115,778,2,139,0.1786632390745501,2,True
72,725,0,0,0.0,3,True
63,377,2,157,0.416445623342175,4,False
62,242,4,4,0.0165289256198347,4,True
55,1500,6,54,0.036,3,True
50,541,1,10,0.0184842883548983,3,True
55,9596,1,114,0.0118799499791579,4,True
75,947,0,0,0.0,5,True
38,686,5,256,0.3731778425655976,1,True
58,1399,2,30,0.0214438884917798,3,True
52,495,1,94,0.1898989898989899,3,True
69,2142,2,41,0.019140989729225,2,True
83,623,4,26,0.0417335473515248,3,True
69,546,2,71,0.13003663003663,3,True
48,160,0,0,0.0,3,True
58,2143,0,0,0.0,5,True
34,221,2,23,0.1040723981900452,5,False
54,137,0,0,0.0,3,True
106,1275,1,5,0.0039215686274509,5,True
63,163,3,47,0.2883435582822086,2,True
59,122,0,0,0.0,2,True
41,835,16,171,0.2047904191616766,3,True
62,4354,2,90,0.0206706476802939,2,True
43,2171,0,0,0.0,5,True
95,411,0,0,0.0,5,True
46,1278,3,170,0.1330203442879499,5,True
26,521,0,0,0.0,3,False
123,560,0,0,0.0,3,False
57,1083,0,0,0.0,1,True
79,846,5,75,0.0886524822695035,2,True
58,112,0,0,0.0,3,True
67,970,1,69,0.0711340206185567,4,True
47,2223,0,0,0.0,3,True
54,366,9,137,0.3743169398907104,3,True
54,967,3,56,0.0579110651499482,5,True
74,1002,0,0,0.0,2,True
51,2393,0,0,0.0,4,True
66,456,0,0,0.0,2,True
100,939,0,0,0.0,4,True
39,835,0,0,0.0,1,True
64,2171,0,0,0.0,2,True
76,312,3,33,0.1057692307692307,1,False
66,2192,0,0,0.0,5,True
30,1285,2,27,0.0210116731517509,2,True
58,535,3,14,0.0261682242990654,3,False
59,530,1,6,0.0113207547169811,1,True
56,239,0,0,0.0,3,True
77,1743,2,53,0.0304073436603557,3,True
43,1424,0,0,0.0,3,True
51,944,0,0,0.0,4,True
77,588,0,0,0.0,4,True
54,183,1,38,0.2076502732240437,4,True
99,330,0,0,0.0,4,True
39,5843,0,0,0.0,4,True
31,228,0,0,0.0,5,True
18,631,1,114,0.1806656101426307,3,True
74,385,0,0,0.0,5,True
28,367,5,101,0.2752043596730245,1,True
66,1108,1,17,0.0153429602888086,1,False
48,244,0,0,0.0,2,True
54,1393,5,27,0.0193826274228284,3,True
25,677,2,58,0.0856720827178729,5,True
52,167,0,0,0.0,2,True
82,3184,6,110,0.0345477386934673,5,True
74,518,0,0,0.0,4,True
58,1388,1,7,0.005043227665706,3,True
87,544,0,0,0.0,2,True
77,551,0,0,0.0,3,True
116,801,0,0,0.0,4,True
34,657,1,15,0.0228310502283105,1,False
58,404,0,0,0.0,2,True
73,1052,3,81,0.0769961977186311,2,True
52,561,0,0,0.0,4,True
43,918,0,0,0.0,4,True
85,2757,0,0,0.0,4,True
60,493,3,121,0.2454361054766734,2,True
78,562,0,0,0.0,4,True
52,755,1,12,0.0158940397350993,4,True
48,214,3,14,0.0654205607476635,2,True
30,830,0,0,0.0,2,True
72,489,0,0,0.0,3,True
44,499,4,85,0.1703406813627254,5,True
69,478,4,160,0.3347280334728033,2,True
71,2414,0,0,0.0,5,True
148,5907,0,0,0.0,2,True
69,415,0,0,0.0,5,True
42,2023,0,0,0.0,4,True
56,2260,0,0,0.0,5,True
80,157,2,85,0.5414012738853503,3,True
44,103,0,0,0.0,2,True
47,493,11,50,0.101419878296146,3,True
68,458,0,0,0.0,3,False
36,774,7,42,0.0542635658914728,4,True
69,116,0,0,0.0,3,False
62,2262,2,36,0.0159151193633952,5,True
56,697,0,0,0.0,1,True
73,260,0,0,0.0,2,True
67,1033,0,0,0.0,4,True
68,437,5,73,0.1670480549199084,5,True
34,589,0,0,0.0,3,True
48,308,0,0,0.0,4,True
44,227,0,0,0.0,2,True
43,1020,0,0,0.0,1,False
47,388,0,0,0.0,1,True
84,327,0,0,0.0,2,False
43,946,0,0,0.0,1,True
29,625,2,34,0.0544,2,True
110,6244,1,58,0.0092889173606662,3,True
56,891,0,0,0.0,5,True
82,2385,2,101,0.0423480083857442,4,True
60,297,2,48,0.1616161616161616,3,True
43,765,0,0,0.0,3,True
96,959,6,252,0.2627737226277372,3,True
48,173,1,4,0.0231213872832369,3,False
47,591,0,0,0.0,2,True
40,961,6,31,0.032258064516129,1,True
84,364,0,0,0.0,2,True
32,514,0,0,0.0,4,True
103,574,0,0,0.0,2,False
51,366,1,25,0.0683060109289617,3,True
65,454,0,0,0.0,2,True
32,1447,9,134,0.0926053904630269,2,True
50,755,11,75,0.0993377483443708,2,True
42,832,4,91,0.109375,4,True
32,149,1,19,0.1275167785234899,3,True
76,4172,0,0,0.0,3,False
44,1114,2,256,0.229802513464991,4,True
71,4384,1,3,0.000684306569343,3,False
71,1344,0,0,0.0,2,True
23,1180,18,49,0.0415254237288135,3,True
